{
"__comment": "Designed by Yofox with BDcraft Cubik PRO 0.96 Beta - http://bdcraft.net",
"textures": {
    "texture": "blocks/anvil_base",
    "coal_block": "blocks/coal_block",
    "hardened_clay_stained_cyan": "blocks/hardened_clay_stained_cyan"
},
"elements": [ 
{
    "__comment": "Xm1014",
    "from": [ 7, 8.5, 8 ],
    "to": [ 8.5, 9, 8.5 ],
    "faces": {
        "down":  { "uv": [ 9, 8.5, 7.5, 8 ], "texture": "#hardened_clay_stained_cyan" },
        "up":    { "uv": [ 7, 8, 8.5, 8.5 ], "texture": "#hardened_clay_stained_cyan" },
        "north": { "uv": [ 7.5, 7, 9, 7.5 ], "texture": "#hardened_clay_stained_cyan" },
        "south": { "uv": [ 7, 7, 8.5, 7.5 ], "texture": "#hardened_clay_stained_cyan" },
        "west":  { "uv": [ 8, 7, 8.5, 7.5 ], "texture": "#hardened_clay_stained_cyan" },
        "east":  { "uv": [ 7.5, 7, 8, 7.5 ], "texture": "#hardened_clay_stained_cyan" }
    }
},
{
    "__comment": "Xm1014",
    "from": [ 7.5, 6.5, 0 ],
    "to": [ 8.5, 8.5, 0.5 ],
    "faces": {
        "down":  { "uv": [ 10, 9, 9, 10 ], "texture": "#coal_block" },
        "up":    { "uv": [ 9, 10, 10, 11 ], "texture": "#coal_block" },
        "north": { "uv": [ 9, 9, 10, 10 ], "texture": "#coal_block", "cullface": "north" },
        "south": { "uv": [ 9, 9, 10, 10 ], "texture": "#coal_block" },
        "west":  { "uv": [ 9, 9, 10, 10 ], "texture": "#coal_block" },
        "east":  { "uv": [ 9, 9, 10, 10 ], "texture": "#coal_block" }
    }
},
{
    "__comment": "Xm1014",
    "from": [ 7.75, 7, 0.5 ],
    "to": [ 8.25, 8.5, 1.5 ],
    "faces": {
        "down":  { "uv": [ 8.25, 1.5, 7.75, 0.5 ], "texture": "#coal_block" },
        "up":    { "uv": [ 7.75, 0.5, 8.25, 1.5 ], "texture": "#coal_block" },
        "south": { "uv": [ 7.75, 7.5, 8.25, 9 ], "texture": "#coal_block" },
        "west":  { "uv": [ 0.5, 7.5, 1.5, 9 ], "texture": "#coal_block" },
        "east":  { "uv": [ 14.5, 7.5, 15.5, 9 ], "texture": "#coal_block" }
    }
},
{
    "__comment": "Xm1014",
    "from": [ 7.75, 7.5, 1.5 ],
    "to": [ 8.25, 9, 3.5 ],
    "faces": {
        "down":  { "uv": [ 8.25, 3.5, 7.75, 1.5 ], "texture": "#coal_block" },
        "up":    { "uv": [ 7.75, 1.5, 8.25, 3.5 ], "texture": "#coal_block" },
        "north": { "uv": [ 7.75, 7, 8.25, 8.5 ], "texture": "#coal_block" },
        "south": { "uv": [ 7.75, 7, 8.25, 8.5 ], "texture": "#coal_block" },
        "west":  { "uv": [ 1.5, 7, 3.5, 8.5 ], "texture": "#coal_block" },
        "east":  { "uv": [ 12.5, 7, 14.5, 8.5 ], "texture": "#coal_block" }
    }
},
{
    "__comment": "Xm1014",
    "from": [ 7.5, 8, 3.5 ],
    "to": [ 8.5, 8.5, 16.5 ],
    "faces": {
        "down":  { "uv": [ 8.5, 16, 7.5, 3.5 ], "texture": "#texture", "cullface": "south" },
        "up":    { "uv": [ 7.5, 3.5, 8.5, 16 ], "texture": "#texture", "cullface": "south" },
        "north": { "uv": [ 7.5, 7.5, 8.5, 8 ], "texture": "#texture", "cullface": "south" },
        "south": { "uv": [ 7.5, 7.5, 8.5, 8 ], "texture": "#texture", "cullface": "south" },
        "west":  { "uv": [ 3.5, 7.5, 16, 8 ], "texture": "#texture", "cullface": "south" },
        "east":  { "uv": [ 0, 7.5, 12.5, 8 ], "texture": "#texture", "cullface": "south" }
    }
},
{
    "__comment": "Xm1014",
    "from": [ 7.5, 6.5, 4 ],
    "to": [ 8.5, 7.5, 5 ],
    "faces": {
        "down":  { "uv": [ 8.5, 5, 7.5, 4 ], "texture": "#hardened_clay_stained_cyan" },
        "up":    { "uv": [ 7.5, 4, 8.5, 5 ], "texture": "#hardened_clay_stained_cyan" },
        "north": { "uv": [ 7.5, 8.5, 8.5, 9.5 ], "texture": "#hardened_clay_stained_cyan" },
        "south": { "uv": [ 7.5, 8.5, 8.5, 9.5 ], "texture": "#hardened_clay_stained_cyan" },
        "west":  { "uv": [ 4, 8.5, 5, 9.5 ], "texture": "#hardened_clay_stained_cyan" },
        "east":  { "uv": [ 11, 8.5, 12, 9.5 ], "texture": "#hardened_clay_stained_cyan" }
    }
},
{
    "__comment": "Xm1014",
    "from": [ 7.5, 7.5, 4.5 ],
    "to": [ 8.5, 8, 5.5 ],
    "faces": {
        "down":  { "uv": [ 8.5, 5.5, 7.5, 4.5 ], "texture": "#hardened_clay_stained_cyan" },
        "north": { "uv": [ 7.5, 8, 8.5, 8.5 ], "texture": "#hardened_clay_stained_cyan" },
        "south": { "uv": [ 7.5, 8, 8.5, 8.5 ], "texture": "#hardened_clay_stained_cyan" },
        "west":  { "uv": [ 4.5, 8, 5.5, 8.5 ], "texture": "#hardened_clay_stained_cyan" },
        "east":  { "uv": [ 10.5, 8, 11.5, 8.5 ], "texture": "#hardened_clay_stained_cyan" }
    }
},
{
    "__comment": "Xm1014",
    "from": [ 7.5, 8.5, 4.5 ],
    "to": [ 8.5, 9, 8 ],
    "faces": {
        "up":    { "uv": [ 7.5, 4.5, 8.5, 8 ], "texture": "#texture" },
        "north": { "uv": [ 7.5, 7, 8.5, 7.5 ], "texture": "#texture" },
        "west":  { "uv": [ 4.5, 7, 8, 7.5 ], "texture": "#texture" },
        "east":  { "uv": [ 8, 7, 11.5, 7.5 ], "texture": "#texture" }
    }
},
{
    "__comment": "Xm1014",
    "from": [ 7.5, 7, 5 ],
    "to": [ 8.5, 7.5, 5.5 ],
    "faces": {
        "down":  { "uv": [ 8.5, 5.5, 7.5, 5 ], "texture": "#hardened_clay_stained_cyan" },
        "south": { "uv": [ 7.5, 8.5, 8.5, 9 ], "texture": "#hardened_clay_stained_cyan" },
        "west":  { "uv": [ 5, 8.5, 5.5, 9 ], "texture": "#hardened_clay_stained_cyan" },
        "east":  { "uv": [ 10.5, 8.5, 11, 9 ], "texture": "#hardened_clay_stained_cyan" }
    }
},
{
    "__comment": "Xm1014",
    "from": [ 7.5, 9, 5 ],
    "to": [ 8.5, 9.5, 9 ],
    "faces": {
        "down":  { "uv": [ 8.5, 9, 7.5, 5 ], "texture": "#hardened_clay_stained_cyan" },
        "up":    { "uv": [ 7.5, 5, 8.5, 9 ], "texture": "#hardened_clay_stained_cyan" },
        "north": { "uv": [ 7.5, 6.5, 8.5, 7 ], "texture": "#hardened_clay_stained_cyan" },
        "south": { "uv": [ 7.5, 6.5, 8.5, 7 ], "texture": "#hardened_clay_stained_cyan" },
        "west":  { "uv": [ 5, 6.5, 9, 7 ], "texture": "#hardened_clay_stained_cyan" },
        "east":  { "uv": [ 7, 6.5, 11, 7 ], "texture": "#hardened_clay_stained_cyan" }
    }
},
{
    "__comment": "Xm1014",
    "from": [ 7.5, 8.5, 8.5 ],
    "to": [ 8.5, 9, 16.5 ],
    "faces": {
        "up":    { "uv": [ 7.5, 8.5, 8.5, 16 ], "texture": "#texture", "cullface": "south" },
        "south": { "uv": [ 7.5, 7, 8.5, 7.5 ], "texture": "#texture", "cullface": "south" },
        "west":  { "uv": [ 8.5, 7, 16, 7.5 ], "texture": "#texture", "cullface": "south" },
        "east":  { "uv": [ 0, 7, 7.5, 7.5 ], "texture": "#texture", "cullface": "south" }
    }
},
{
    "__comment": "Xm1014",
    "from": [ 7.75, 6.5, 0.5 ],
    "to": [ 8.25, 7, 1 ],
    "faces": {
        "down":  { "uv": [ 8.25, 1, 7.75, 0.5 ], "texture": "#coal_block" },
        "south": { "uv": [ 7.75, 9, 8.25, 9.5 ], "texture": "#coal_block" },
        "west":  { "uv": [ 0.5, 9, 1, 9.5 ], "texture": "#coal_block" },
        "east":  { "uv": [ 15, 9, 15.5, 9.5 ], "texture": "#coal_block" }
    }
},
{
    "__comment": "Xm1014",
    "from": [ 7.75, 8.5, 1 ],
    "to": [ 8.25, 9, 1.5 ],
    "faces": {
        "up":    { "uv": [ 7.75, 1, 8.25, 1.5 ], "texture": "#coal_block" },
        "north": { "uv": [ 7.75, 7, 8.25, 7.5 ], "texture": "#coal_block" },
        "west":  { "uv": [ 1, 7, 1.5, 7.5 ], "texture": "#coal_block" },
        "east":  { "uv": [ 14.5, 7, 15, 7.5 ], "texture": "#coal_block" }
    }
},
{
    "__comment": "Xm1014",
    "from": [ 7.75, 7, 1.5 ],
    "to": [ 8.25, 7.5, 2 ],
    "faces": {
        "down":  { "uv": [ 8.25, 2, 7.75, 1.5 ], "texture": "#coal_block" },
        "south": { "uv": [ 7.75, 8.5, 8.25, 9 ], "texture": "#coal_block" },
        "west":  { "uv": [ 1.5, 8.5, 2, 9 ], "texture": "#coal_block" },
        "east":  { "uv": [ 14, 8.5, 14.5, 9 ], "texture": "#coal_block" }
    }
},
{
    "__comment": "Xm1014",
    "from": [ 7.75, 7.5, 3.5 ],
    "to": [ 8.25, 8, 4 ],
    "faces": {
        "down":  { "uv": [ 8.25, 4, 7.75, 3.5 ], "texture": "#coal_block" },
        "south": { "uv": [ 7.75, 8, 8.25, 8.5 ], "texture": "#coal_block" },
        "west":  { "uv": [ 3.5, 8, 4, 8.5 ], "texture": "#coal_block" },
        "east":  { "uv": [ 12, 8, 12.5, 8.5 ], "texture": "#coal_block" }
    }
},
{
    "__comment": "Xm1014",
    "from": [ 7.75, 6.5, 5 ],
    "to": [ 8.25, 7, 5.5 ],
    "faces": {
        "down":  { "uv": [ 8.25, 5.5, 7.75, 5 ], "texture": "#hardened_clay_stained_cyan" },
        "south": { "uv": [ 7.75, 9, 8.25, 9.5 ], "texture": "#hardened_clay_stained_cyan" },
        "west":  { "uv": [ 5, 9, 5.5, 9.5 ], "texture": "#hardened_clay_stained_cyan" },
        "east":  { "uv": [ 10.5, 9, 11, 9.5 ], "texture": "#hardened_clay_stained_cyan" }
    }
},
{
    "__comment": "Xm1014",
    "from": [ 7.75, 7.5, 5.5 ],
    "to": [ 8.25, 8, 6.5 ],
    "faces": {
        "down":  { "uv": [ 8.25, 6.5, 7.75, 5.5 ], "texture": "#hardened_clay_stained_cyan" },
        "south": { "uv": [ 7.75, 8, 8.25, 8.5 ], "texture": "#hardened_clay_stained_cyan" },
        "west":  { "uv": [ 5.5, 8, 6.5, 8.5 ], "texture": "#hardened_clay_stained_cyan" },
        "east":  { "uv": [ 9.5, 8, 10.5, 8.5 ], "texture": "#hardened_clay_stained_cyan" }
    }
},
{
    "__comment": "Xm1014",
    "from": [ 7.75, 9, 9 ],
    "to": [ 8.25, 9.5, 16.5 ],
    "faces": {
        "up":    { "uv": [ 7.75, 9, 8.25, 16 ], "texture": "#texture", "cullface": "south" },
        "south": { "uv": [ 7.75, 6.5, 8.25, 7 ], "texture": "#texture", "cullface": "south" },
        "west":  { "uv": [ 9, 6.5, 16, 7 ], "texture": "#texture", "cullface": "south" },
        "east":  { "uv": [ 0, 6.5, 7, 7 ], "texture": "#texture", "cullface": "south" }
    }
},
{
    "__comment": "Xm1014*",
    "from": [ 7.25, 7.625, 8.6875 ],
    "to": [ 8.75, 9.125, 12.6875 ],
    "faces": {
        "down":  { "uv": [ 8.75, 12.6875, 7.25, 8.6875 ], "texture": "#coal_block" },
        "up":    { "uv": [ 7.25, 8.6875, 8.75, 12.6875 ], "texture": "#coal_block" },
        "north": { "uv": [ 7.25, 6.875, 8.75, 8.375 ], "texture": "#coal_block" },
        "south": { "uv": [ 7.25, 6.875, 8.75, 8.375 ], "texture": "#coal_block" },
        "west":  { "uv": [ 8.6875, 6.875, 12.6875, 8.375 ], "texture": "#coal_block" },
        "east":  { "uv": [ 3.3125, 6.875, 7.3125, 8.375 ], "texture": "#coal_block" }
    }
}
],
"display": {
    "thirdperson_righthand": {
        "rotation": [ 0, 180, 0 ],
        "translation": [ -0.38, 0, -2.46 ],
        "scale": [ 1.5, 1.5, 1.5 ]
    },
    "thirdperson_lefthand": {
        "rotation": [ 0, 180, 0 ],
        "translation": [ -0.38, 0, -2.46 ],
        "scale": [ 1.5, 1.5, 1.5 ]
    },
    "ground": {
        "rotation": [ 0, 0, 0 ],
        "translation": [ 0, 0, 0 ],
        "scale": [ 1.5, 1.5, 1.5 ]
    },
    "fixed": {
        "rotation": [ 0, -90, 0 ],
        "translation": [ 0.2, 0, 0 ],
        "scale": [ 1.2, 1.2, 1.2 ]
    },
    "firstperson_righthand": {
        "rotation": [ 7, 180, 0 ],
        "translation": [ 3.02, 0, -2.65 ],
        "scale": [ 1.5, 1.5, 1.5 ]
    },
    "firstperson_lefthand": {
        "rotation": [ 7, 180, 0 ],
        "translation": [ 3.02, 0, -2.65 ],
        "scale": [ 1.5, 1.5, 1.5 ]
    },
    "gui": {
        "rotation": [ 0, 90, 0 ],
        "translation": [ -0.2, 0, 0 ],
        "scale": [ 1, 1, 0.97 ]
    }
}
}