{
"__comment": "Designed by Sibsib92 with BDcraft Cubik PRO 0.96 Beta - http://bdcraft.net",
"ambientocclusion": false,
"textures": {
    "particle": "items/iron_sword",
    "texture": "blocks/iron_block",
    "wood": "blocks/planks_oak",
    "steel": "blocks/cauldron_inner"
},
"elements": [ 
{
    "__comment": "Material Bot",
    "from": [ 10.625, 6.75, 7.75 ],
    "to": [ 11.25, 7.375, 8.25 ],
    "rotation": { "origin": [ 10.625, 7.375, 7.75 ], "axis": "z", "angle": 22.5 },
    "faces": {
        "down":  { "uv": [ 1, 13, 2, 12 ], "texture": "#steel" },
        "up":    { "uv": [ 1, 12, 2, 13 ], "texture": "#steel" },
        "north": { "uv": [ 1, 12, 2, 13 ], "texture": "#steel" },
        "south": { "uv": [ 1, 12, 2, 13 ], "texture": "#steel" },
        "west":  { "uv": [ 1, 12, 2, 13 ], "texture": "#steel" },
        "east":  { "uv": [ 1, 12, 2, 13 ], "texture": "#steel" }
    }
},
{
    "__comment": "Material Bot",
    "from": [ 4.5625, 3.375, 7.75 ],
    "to": [ 5.1875, 4, 8.25 ],
    "rotation": { "origin": [ 4.5625, 4, 7.75 ], "axis": "z", "angle": 22.5 },
    "faces": {
        "down":  { "uv": [ 1, 13, 2, 12 ], "texture": "#steel" },
        "up":    { "uv": [ 1, 12, 2, 13 ], "texture": "#steel" },
        "north": { "uv": [ 1, 12, 2, 13 ], "texture": "#steel" },
        "south": { "uv": [ 1, 12, 2, 13 ], "texture": "#steel" },
        "west":  { "uv": [ 1, 12, 2, 13 ], "texture": "#steel" },
        "east":  { "uv": [ 1, 12, 2, 13 ], "texture": "#steel" }
    }
},
{
    "__comment": "Material Bot",
    "from": [ 5.5625, 4.625, 7.25 ],
    "to": [ 6.5625, 5.625, 8.75 ],
    "rotation": { "origin": [ 5.5625, 5.625, 7.25 ], "axis": "z", "angle": 22.5 },
    "faces": {
        "down":  { "uv": [ 1, 13, 2, 12 ], "texture": "#steel" },
        "up":    { "uv": [ 1, 12, 2, 13 ], "texture": "#steel" },
        "north": { "uv": [ 1, 12, 2, 13 ], "texture": "#steel" },
        "south": { "uv": [ 1, 12, 2, 13 ], "texture": "#steel" },
        "west":  { "uv": [ 1, 12, 2, 13 ], "texture": "#steel" },
        "east":  { "uv": [ 1, 12, 2, 13 ], "texture": "#steel" }
    }
},
{
    "__comment": "Material Bot",
    "from": [ 9.125, 5, 7.25 ],
    "to": [ 10.125, 6, 8.75 ],
    "rotation": { "origin": [ 9.125, 6, 7.25 ], "axis": "z", "angle": 22.5 },
    "faces": {
        "down":  { "uv": [ 1, 13, 2, 12 ], "texture": "#steel" },
        "up":    { "uv": [ 1, 12, 2, 13 ], "texture": "#steel" },
        "north": { "uv": [ 1, 12, 2, 13 ], "texture": "#steel" },
        "south": { "uv": [ 1, 12, 2, 13 ], "texture": "#steel" },
        "west":  { "uv": [ 1, 12, 2, 13 ], "texture": "#steel" },
        "east":  { "uv": [ 1, 12, 2, 13 ], "texture": "#steel" }
    }
},
{
    "__comment": "Material Bot",
    "from": [ 5.5625, 4.625, 7.5 ],
    "to": [ 6.5625, 5.625, 8.5 ],
    "rotation": { "origin": [ 5.5625, 5.625, 7.5 ], "axis": "z", "angle": -45 },
    "faces": {
        "down":  { "uv": [ 0, 16, 1, 15 ], "texture": "#steel" },
        "up":    { "uv": [ 0, 15, 1, 16 ], "rotation": 90, "texture": "#steel" },
        "north": { "uv": [ 0, 15, 1, 16 ], "rotation": 90, "texture": "#steel" },
        "south": { "uv": [ 0, 15, 1, 16 ], "texture": "#steel" },
        "west":  { "uv": [ 0, 15, 1, 16 ], "texture": "#steel" },
        "east":  { "uv": [ 0, 15, 1, 16 ], "texture": "#steel" }
    }
},
{
    "__comment": "Material Bot",
    "from": [ 10.4375, 5.8125, 7.5 ],
    "to": [ 11.4375, 6.8125, 8.5 ],
    "rotation": { "origin": [ 10.4375, 6.8125, 7.5 ], "axis": "z", "angle": -45 },
    "faces": {
        "down":  { "uv": [ 0, 16, 1, 15 ], "texture": "#steel" },
        "up":    { "uv": [ 0, 15, 1, 16 ], "rotation": 90, "texture": "#steel" },
        "north": { "uv": [ 0, 15, 1, 16 ], "rotation": 90, "texture": "#steel" },
        "south": { "uv": [ 0, 15, 1, 16 ], "texture": "#steel" },
        "west":  { "uv": [ 0, 15, 1, 16 ], "texture": "#steel" },
        "east":  { "uv": [ 0, 15, 1, 16 ], "texture": "#steel" }
    }
},
{
    "__comment": "Material Bot",
    "from": [ 4.875, 4, 7.75 ],
    "to": [ 5.875, 5, 8.25 ],
    "rotation": { "origin": [ 4.875, 5, 7.75 ], "axis": "z", "angle": -22.5 },
    "faces": {
        "down":  { "uv": [ 1, 13, 2, 12 ], "texture": "#steel" },
        "up":    { "uv": [ 1, 12, 2, 13 ], "texture": "#steel" },
        "north": { "uv": [ 1, 12, 2, 13 ], "texture": "#steel" },
        "south": { "uv": [ 1, 12, 2, 13 ], "texture": "#steel" },
        "west":  { "uv": [ 1, 12, 2, 13 ], "texture": "#steel" },
        "east":  { "uv": [ 1, 12, 2, 13 ], "texture": "#steel" }
    }
},
{
    "__comment": "Material Bot",
    "from": [ 10.5625, 6.375, 7.75 ],
    "to": [ 11.5625, 7.375, 8.25 ],
    "rotation": { "origin": [ 10.5625, 7.375, 7.75 ], "axis": "z", "angle": -22.5 },
    "faces": {
        "down":  { "uv": [ 1, 13, 2, 12 ], "texture": "#steel" },
        "up":    { "uv": [ 1, 12, 2, 13 ], "texture": "#steel" },
        "north": { "uv": [ 1, 12, 2, 13 ], "texture": "#steel" },
        "south": { "uv": [ 1, 12, 2, 13 ], "texture": "#steel" },
        "west":  { "uv": [ 1, 12, 2, 13 ], "texture": "#steel" },
        "east":  { "uv": [ 1, 12, 2, 13 ], "texture": "#steel" }
    }
},
{
    "__comment": "Material Bot",
    "from": [ 6.5, 5, 7 ],
    "to": [ 9.5, 6, 9 ],
    "faces": {
        "down":  { "uv": [ 0, 16, 1, 15 ], "texture": "#steel" },
        "up":    { "uv": [ 0, 15, 1, 16 ], "rotation": 90, "texture": "#steel" },
        "north": { "uv": [ 0, 15, 1, 16 ], "rotation": 90, "texture": "#steel" },
        "south": { "uv": [ 0, 15, 1, 16 ], "texture": "#steel" },
        "west":  { "uv": [ 0, 15, 1, 16 ], "texture": "#steel" },
        "east":  { "uv": [ 0, 15, 1, 16 ], "texture": "#steel" }
    }
},
{
    "__comment": "Material Bot",
    "from": [ 7, 5, 6.5 ],
    "to": [ 9, 6, 9.5 ],
    "faces": {
        "down":  { "uv": [ 0, 16, 1, 15 ], "texture": "#steel" },
        "up":    { "uv": [ 0, 15, 1, 16 ], "rotation": 90, "texture": "#steel" },
        "north": { "uv": [ 0, 15, 1, 16 ], "rotation": 90, "texture": "#steel" },
        "south": { "uv": [ 0, 15, 1, 16 ], "texture": "#steel" },
        "west":  { "uv": [ 0, 15, 1, 16 ], "texture": "#steel" },
        "east":  { "uv": [ 0, 15, 1, 16 ], "texture": "#steel" }
    }
},
{
    "__comment": "Material Bot",
    "from": [ 6.5, 0, 7 ],
    "to": [ 9.5, 1, 9 ],
    "faces": {
        "down":  { "uv": [ 0, 16, 1, 15 ], "texture": "#steel" },
        "up":    { "uv": [ 0, 15, 1, 16 ], "rotation": 90, "texture": "#steel" },
        "north": { "uv": [ 0, 15, 1, 16 ], "rotation": 90, "texture": "#steel" },
        "south": { "uv": [ 0, 15, 1, 16 ], "texture": "#steel" },
        "west":  { "uv": [ 0, 15, 1, 16 ], "texture": "#steel" },
        "east":  { "uv": [ 0, 15, 1, 16 ], "texture": "#steel" }
    }
},
{
    "__comment": "Material Bot",
    "from": [ 7, 0, 6.5 ],
    "to": [ 9, 1, 9.5 ],
    "faces": {
        "down":  { "uv": [ 0, 16, 1, 15 ], "texture": "#steel" },
        "up":    { "uv": [ 0, 15, 1, 16 ], "rotation": 90, "texture": "#steel" },
        "north": { "uv": [ 0, 15, 1, 16 ], "rotation": 90, "texture": "#steel" },
        "south": { "uv": [ 0, 15, 1, 16 ], "texture": "#steel" },
        "west":  { "uv": [ 0, 15, 1, 16 ], "texture": "#steel" },
        "east":  { "uv": [ 0, 15, 1, 16 ], "texture": "#steel" }
    }
},
{
    "__comment": "Wood",
    "from": [ 7, 1, 7.5 ],
    "to": [ 9, 5, 8.5 ],
    "faces": {
        "north": { "uv": [ 7, 11, 8, 15 ], "texture": "#wood" },
        "south": { "uv": [ 7, 11, 8, 15 ], "texture": "#wood" },
        "west":  { "uv": [ 7, 11, 8, 15 ], "texture": "#wood" },
        "east":  { "uv": [ 7, 11, 8, 15 ], "texture": "#wood" }
    }
},
{
    "__comment": "Wood",
    "from": [ 7.5, 1, 7 ],
    "to": [ 8.5, 5, 9 ],
    "faces": {
        "north": { "uv": [ 7, 11, 8, 15 ], "texture": "#wood" },
        "south": { "uv": [ 7, 11, 8, 15 ], "texture": "#wood" },
        "west":  { "uv": [ 7, 11, 8, 15 ], "texture": "#wood" },
        "east":  { "uv": [ 7, 11, 8, 15 ], "texture": "#wood" }
    }
},
{
    "__comment": "Material Top",
    "from": [ 9, 6, 7.3125 ],
    "to": [ 10, 22, 8.3125 ],
    "rotation": { "origin": [ 9, 6, 7.3125 ], "axis": "y", "angle": -45 },
    "faces": {
        "down":  { "uv": [ 1, 16, 2, 15 ], "texture": "#texture" },
        "up":    { "uv": [ 1, 0, 2, 1 ], "texture": "#texture" },
        "north": { "uv": [ 1, 0, 2, 16 ], "texture": "#texture" },
        "south": { "uv": [ 1, 0, 2, 16 ], "texture": "#texture" },
        "west":  { "uv": [ 1, 0, 2, 16 ], "texture": "#texture" },
        "east":  { "uv": [ 1, 0, 2, 16 ], "texture": "#texture" }
    }
},
{
    "__comment": "Material Top",
    "from": [ 7.3125, 6, 8 ],
    "to": [ 8.3125, 18, 9 ],
    "rotation": { "origin": [ 7.3125, 6, 8 ], "axis": "y", "angle": 45 },
    "faces": {
        "up":    { "uv": [ 1, 4, 2, 5 ], "texture": "#texture" },
        "north": { "uv": [ 1, 4, 2, 16 ], "texture": "#texture" },
        "south": { "uv": [ 1, 4, 2, 16 ], "texture": "#texture" },
        "west":  { "uv": [ 1, 4, 2, 16 ], "texture": "#texture" },
        "east":  { "uv": [ 1, 4, 2, 16 ], "texture": "#texture" }
    }
},
{
    "__comment": "Material Top",
    "from": [ 6.3125, 6, 8 ],
    "to": [ 7.3125, 14, 9 ],
    "rotation": { "origin": [ 6.3125, 6, 8 ], "axis": "y", "angle": 45 },
    "faces": {
        "down":  { "uv": [ 0, 16, 1, 15 ], "texture": "#texture" },
        "up":    { "uv": [ 1, 8, 2, 9 ], "texture": "#texture" },
        "north": { "uv": [ 1, 8, 2, 16 ], "texture": "#texture" },
        "south": { "uv": [ 1, 8, 2, 16 ], "texture": "#texture" },
        "west":  { "uv": [ 1, 8, 2, 16 ], "texture": "#texture" },
        "east":  { "uv": [ 1, 8, 2, 16 ], "texture": "#texture" }
    }
}
],
"display": {
    "thirdperson_righthand": {
        "rotation": [ 0, -90, 10 ],
        "translation": [ 0, 2, 1 ],
        "scale": [ 0.85, 0.85, 0.85 ]
    },
    "thirdperson_lefthand": {
        "rotation": [ 0, 90, -10 ],
        "translation": [ 0, 2, 1 ],
        "scale": [ 0.85, 0.85, 0.85 ]
    },
    "head": {
        "rotation": [ -180, 0, -50 ],
        "translation": [ -6, 10, 0 ],
        "scale": [ 1, 1, 1 ]
    },
    "ground": {
        "rotation": [ 0, 0, 0 ],
        "translation": [ 0, 3, 0 ],
        "scale": [ 0.55, 0.55, 0.55 ]
    },
    "fixed": {
        "rotation": [ 0, 0, 0 ],
        "translation": [ 0, -2, 0 ],
        "scale": [ 0.75, 0.75, 0.75 ]
    },
    "firstperson_righthand": {
        "rotation": [ 0, -90, -10 ],
        "translation": [ 1.12, 3.2, 1.12 ],
        "scale": [ 0.68, 0.68, 0.68 ]
    },
    "firstperson_lefthand": {
        "rotation": [ 0, 90, 10 ],
        "translation": [ 1.12, 3.2, 1.12 ],
        "scale": [ 0.68, 0.68, 0.68 ]
    },
    "gui": {
        "rotation": [ 15, -130, 65 ],
        "translation": [ -1, -1.75, 0 ],
        "scale": [ 1, 1, 1 ]
    }
}
}