{
"__comment": "Designed by Yofox with BDcraft Cubik PRO 0.96 Beta - http://bdcraft.net",
"textures": {
    "anvil_top_damaged_2": "blocks/anvil_top_damaged_0",
    "hardened_clay_stained_cyan": "blocks/hardened_clay_stained_cyan",
    "coal_block": "blocks/coal_block",
    "door_iron_lower": "blocks/door_iron_lower"
},
"elements": [ 
{
    "__comment": "M4a4",
    "from": [ 7, 8.5, 0.5 ],
    "to": [ 9, 9.5, 4 ],
    "faces": {
        "down":  { "uv": [ 9, 4, 7, 0.5 ], "texture": "#coal_block" },
        "up":    { "uv": [ 7, 0.5, 9, 4 ], "texture": "#coal_block" },
        "north": { "uv": [ 7, 6.5, 9, 7.5 ], "texture": "#coal_block" },
        "south": { "uv": [ 7, 6.5, 9, 7.5 ], "texture": "#coal_block" },
        "west":  { "uv": [ 0.5, 6.5, 4, 7.5 ], "texture": "#coal_block" },
        "east":  { "uv": [ 12, 6.5, 15.5, 7.5 ], "texture": "#coal_block" }
    }
},
{
    "__comment": "M4a4",
    "from": [ 7, 9, 9.5 ],
    "to": [ 9, 10, 14 ],
    "faces": {
        "down":  { "uv": [ 7, 9.5, 9, 14 ], "texture": "#coal_block" },
        "up":    { "uv": [ 7, 9.5, 9, 14 ], "texture": "#coal_block" },
        "north": { "uv": [ 7, 6, 9, 7 ], "texture": "#coal_block" },
        "south": { "uv": [ 7, 6, 9, 7 ], "texture": "#coal_block" },
        "west":  { "uv": [ 9.5, 6, 14, 7 ], "texture": "#coal_block" },
        "east":  { "uv": [ 9.5, 6, 14, 7 ], "texture": "#coal_block" }
    }
},
{
    "__comment": "M4a4",
    "from": [ 7.5, 6.5, 0 ],
    "to": [ 8.5, 10, 0.5 ],
    "faces": {
        "down":  { "uv": [ 8.5, 0.5, 7.5, 0 ], "texture": "#coal_block" },
        "up":    { "uv": [ 7.5, 0, 8.5, 0.5 ], "texture": "#coal_block" },
        "north": { "uv": [ 7.5, 6, 8.5, 9.5 ], "texture": "#coal_block", "cullface": "north" },
        "south": { "uv": [ 7.5, 6, 8.5, 9.5 ], "texture": "#coal_block" },
        "west":  { "uv": [ 0, 6, 0.5, 9.5 ], "texture": "#coal_block" },
        "east":  { "uv": [ 15.5, 6, 16, 9.5 ], "texture": "#coal_block" }
    }
},
{
    "__comment": "M4a4",
    "from": [ 7.5, 7, 0.5 ],
    "to": [ 8.5, 7.5, 1.5 ],
    "faces": {
        "down":  { "uv": [ 8.5, 1.5, 7.5, 0.5 ], "texture": "#coal_block" },
        "up":    { "uv": [ 7.5, 0.5, 8.5, 1.5 ], "texture": "#coal_block" },
        "south": { "uv": [ 7.5, 8.5, 8.5, 9 ], "texture": "#coal_block" },
        "west":  { "uv": [ 0.5, 8.5, 1.5, 9 ], "texture": "#coal_block" },
        "east":  { "uv": [ 14.5, 8.5, 15.5, 9 ], "texture": "#coal_block" }
    }
},
{
    "__comment": "M4a4",
    "from": [ 7.5, 8, 0.5 ],
    "to": [ 8.5, 8.5, 1 ],
    "faces": {
        "down":  { "uv": [ 8.5, 1, 7.5, 0.5 ], "texture": "#coal_block" },
        "south": { "uv": [ 7.5, 7.5, 8.5, 8 ], "texture": "#coal_block" },
        "west":  { "uv": [ 0.5, 7.5, 1, 8 ], "texture": "#coal_block" },
        "east":  { "uv": [ 15, 7.5, 15.5, 8 ], "texture": "#coal_block" }
    }
},
{
    "__comment": "M4a4",
    "from": [ 7.5, 9, 0.5 ],
    "to": [ 8.5, 9.5, 5.5 ],
    "faces": {
        "down":  { "uv": [ 8.5, 5.5, 7.5, 0.5 ], "texture": "#coal_block" },
        "up":    { "uv": [ 7.5, 0.5, 8.5, 5.5 ], "texture": "#coal_block" },
        "west":  { "uv": [ 0.5, 6.5, 5.5, 7 ], "texture": "#coal_block" },
        "east":  { "uv": [ 10.5, 6.5, 15.5, 7 ], "texture": "#coal_block" }
    }
},
{
    "__comment": "M4a4",
    "from": [ 7.5, 9.5, 0.5 ],
    "to": [ 8.5, 10, 4 ],
    "faces": {
        "up":    { "uv": [ 7.5, 0.5, 8.5, 4 ], "texture": "#coal_block" },
        "south": { "uv": [ 7.5, 6, 8.5, 6.5 ], "texture": "#coal_block" },
        "west":  { "uv": [ 0.5, 6, 4, 6.5 ], "texture": "#coal_block" },
        "east":  { "uv": [ 12, 6, 15.5, 6.5 ], "texture": "#coal_block" }
    }
},
{
    "__comment": "M4a4",
    "from": [ 7.5, 7.5, 1 ],
    "to": [ 8.5, 8, 2.5 ],
    "faces": {
        "down":  { "uv": [ 8.5, 2.5, 7.5, 1 ], "texture": "#coal_block" },
        "up":    { "uv": [ 7.5, 1, 8.5, 2.5 ], "texture": "#coal_block" },
        "north": { "uv": [ 7.5, 8, 8.5, 8.5 ], "texture": "#coal_block" },
        "south": { "uv": [ 7.5, 8, 8.5, 8.5 ], "texture": "#coal_block" },
        "west":  { "uv": [ 1, 8, 2.5, 8.5 ], "texture": "#coal_block" },
        "east":  { "uv": [ 13.5, 8, 15, 8.5 ], "texture": "#coal_block" }
    }
},
{
    "__comment": "M4a4",
    "from": [ 7.5, 8, 1.5 ],
    "to": [ 8.5, 8.5, 3.5 ],
    "faces": {
        "down":  { "uv": [ 8.5, 3.5, 7.5, 1.5 ], "texture": "#coal_block" },
        "north": { "uv": [ 7.5, 7.5, 8.5, 8 ], "texture": "#coal_block" },
        "south": { "uv": [ 7.5, 7.5, 8.5, 8 ], "texture": "#coal_block" },
        "west":  { "uv": [ 1.5, 7.5, 3.5, 8 ], "texture": "#coal_block" },
        "east":  { "uv": [ 12.5, 7.5, 14.5, 8 ], "texture": "#coal_block" }
    }
},
{
    "__comment": "M4a4",
    "from": [ 7.5, 6, 4.5 ],
    "to": [ 8.5, 6.5, 6 ],
    "faces": {
        "down":  { "uv": [ 8.5, 6, 7.5, 4.5 ], "texture": "#anvil_top_damaged_2" },
        "up":    { "uv": [ 7.5, 4.5, 8.5, 6 ], "texture": "#anvil_top_damaged_2" },
        "north": { "uv": [ 7.5, 9.5, 8.5, 10 ], "texture": "#anvil_top_damaged_2" },
        "south": { "uv": [ 7.5, 9.5, 8.5, 10 ], "texture": "#anvil_top_damaged_2" },
        "west":  { "uv": [ 4.5, 9.5, 6, 10 ], "texture": "#anvil_top_damaged_2" },
        "east":  { "uv": [ 10, 9.5, 11.5, 10 ], "texture": "#anvil_top_damaged_2" }
    }
},
{
    "__comment": "M4a4",
    "from": [ 7.5, 6.5, 5 ],
    "to": [ 8.5, 7.5, 6.5 ],
    "faces": {
        "down":  { "uv": [ 8.5, 6.5, 7.5, 5 ], "texture": "#anvil_top_damaged_2" },
        "up":    { "uv": [ 7.5, 5, 8.5, 6.5 ], "texture": "#anvil_top_damaged_2" },
        "north": { "uv": [ 7.5, 8.5, 8.5, 9.5 ], "texture": "#anvil_top_damaged_2" },
        "south": { "uv": [ 7.5, 8.5, 8.5, 9.5 ], "texture": "#anvil_top_damaged_2" },
        "west":  { "uv": [ 5, 8.5, 6.5, 9.5 ], "texture": "#anvil_top_damaged_2" },
        "east":  { "uv": [ 9.5, 8.5, 11, 9.5 ], "texture": "#anvil_top_damaged_2" }
    }
},
{
    "__comment": "M4a4",
    "from": [ 7.5, 8, 5 ],
    "to": [ 8.5, 9, 9.5 ],
    "faces": {
        "down":  { "uv": [ 8.5, 9.5, 7.5, 5 ], "texture": "#anvil_top_damaged_2" },
        "up":    { "uv": [ 7.5, 5, 8.5, 9.5 ], "texture": "#anvil_top_damaged_2" },
        "north": { "uv": [ 7.5, 7, 8.5, 8 ], "texture": "#anvil_top_damaged_2" },
        "south": { "uv": [ 7.5, 7, 8.5, 8 ], "texture": "#anvil_top_damaged_2" },
        "west":  { "uv": [ 5, 7, 9.5, 8 ], "texture": "#anvil_top_damaged_2" },
        "east":  { "uv": [ 6.5, 7, 11, 8 ], "texture": "#anvil_top_damaged_2" }
    }
},
{
    "__comment": "M4a4",
    "from": [ 7.5, 9.5, 14 ],
    "to": [ 8.5, 10, 14.5 ],
    "faces": {
        "south": { "uv": [ 7.5, 6, 8.5, 6.5 ], "texture": "#anvil_top_damaged_2" },
        "west":  { "uv": [ 11.5, 5.5, 12, 6 ], "texture": "#anvil_top_damaged_2" },
        "east":  { "uv": [ 4, 6, 4.5, 6.5 ], "texture": "#anvil_top_damaged_2" }
    }
},
{
    "__comment": "M4a4",
    "from": [ 7.5, 5.5, 5.5 ],
    "to": [ 8.5, 6, 6 ],
    "faces": {
        "down":  { "uv": [ 8.5, 6, 7.5, 5.5 ], "texture": "#anvil_top_damaged_2" },
        "north": { "uv": [ 7.5, 10, 8.5, 10.5 ], "texture": "#anvil_top_damaged_2" },
        "south": { "uv": [ 7.5, 10, 8.5, 10.5 ], "texture": "#anvil_top_damaged_2" },
        "west":  { "uv": [ 5.5, 10, 6, 10.5 ], "texture": "#anvil_top_damaged_2" },
        "east":  { "uv": [ 10, 10, 10.5, 10.5 ], "texture": "#anvil_top_damaged_2" }
    }
},
{
    "__comment": "M4a4",
    "from": [ 7.5, 7.5, 5.5 ],
    "to": [ 8.5, 8, 7 ],
    "faces": {
        "down":  { "uv": [ 8.5, 7, 7.5, 5.5 ], "texture": "#anvil_top_damaged_2" },
        "north": { "uv": [ 7.5, 8, 8.5, 8.5 ], "texture": "#anvil_top_damaged_2" },
        "south": { "uv": [ 7.5, 8, 8.5, 8.5 ], "texture": "#anvil_top_damaged_2" },
        "west":  { "uv": [ 5.5, 8, 7, 8.5 ], "texture": "#anvil_top_damaged_2" },
        "east":  { "uv": [ 9, 8, 10.5, 8.5 ], "texture": "#anvil_top_damaged_2" }
    }
},
{
    "__comment": "M4a4",
    "from": [ 7.5, 9, 5.5 ],
    "to": [ 8.5, 9.5, 9.5 ],
    "faces": {
        "west":  { "uv": [ 5.5, 6.5, 9.5, 7 ], "texture": "#anvil_top_damaged_2" },
        "east":  { "uv": [ 6.5, 6.5, 10.5, 7 ], "texture": "#anvil_top_damaged_2" }
    }
},
{
    "__comment": "M4a4",
    "from": [ 7.5, 10, 6 ],
    "to": [ 8.5, 10.5, 7 ],
    "faces": {
        "up":    { "uv": [ 7.5, 6, 8.5, 7 ], "texture": "#anvil_top_damaged_2" },
        "north": { "uv": [ 7.5, 5.5, 8.5, 6 ], "texture": "#anvil_top_damaged_2" },
        "south": { "uv": [ 7.5, 5.5, 8.5, 6 ], "texture": "#anvil_top_damaged_2" },
        "west":  { "uv": [ 6, 5.5, 7, 6 ], "texture": "#anvil_top_damaged_2" },
        "east":  { "uv": [ 9, 5.5, 10, 6 ], "texture": "#anvil_top_damaged_2" }
    }
},
{
    "__comment": "M4a4",
    "from": [ 7.5, 7, 6.5 ],
    "to": [ 8.5, 7.5, 7 ],
    "faces": {
        "down":  { "uv": [ 8.5, 7, 7.5, 6.5 ], "texture": "#anvil_top_damaged_2" },
        "south": { "uv": [ 7.5, 8.5, 8.5, 9 ], "texture": "#anvil_top_damaged_2" },
        "west":  { "uv": [ 6.5, 8.5, 7, 9 ], "texture": "#anvil_top_damaged_2" },
        "east":  { "uv": [ 9, 8.5, 9.5, 9 ], "texture": "#anvil_top_damaged_2" }
    }
},
{
    "__comment": "M4a4",
    "from": [ 7.75, 7, 7.5 ],
    "to": [ 8.25, 8, 9.5 ],
    "faces": {
        "down":  { "uv": [ 7.75, 7.5, 8.25, 9.5 ], "texture": "#hardened_clay_stained_cyan" },
        "north": { "uv": [ 7.75, 8, 8.25, 9 ], "texture": "#hardened_clay_stained_cyan" },
        "south": { "uv": [ 7.75, 8, 8.25, 9 ], "texture": "#hardened_clay_stained_cyan" },
        "west":  { "uv": [ 7.5, 8, 9.5, 9 ], "texture": "#hardened_clay_stained_cyan" },
        "east":  { "uv": [ 7.5, 8, 9.5, 9 ], "texture": "#hardened_clay_stained_cyan" }
    }
},
{
    "__comment": "M4a4",
    "from": [ 7.75, 5.5, 8 ],
    "to": [ 8.25, 6, 10 ],
    "faces": {
        "down":  { "uv": [ 7.75, 8, 8.25, 10 ], "texture": "#hardened_clay_stained_cyan" },
        "up":    { "uv": [ 7.75, 8, 8.25, 10 ], "texture": "#hardened_clay_stained_cyan" },
        "north": { "uv": [ 7.75, 10, 8.25, 10.5 ], "texture": "#hardened_clay_stained_cyan" },
        "south": { "uv": [ 7.75, 10, 8.25, 10.5 ], "texture": "#hardened_clay_stained_cyan" },
        "west":  { "uv": [ 8, 10, 10, 10.5 ], "texture": "#hardened_clay_stained_cyan" },
        "east":  { "uv": [ 8, 10, 10, 10.5 ], "texture": "#hardened_clay_stained_cyan" }
    }
},
{
    "__comment": "M4a4",
    "from": [ 7.75, 6, 8 ],
    "to": [ 8.25, 7, 9.5 ],
    "faces": {
        "north": { "uv": [ 7.75, 9, 8.25, 10 ], "texture": "#hardened_clay_stained_cyan" },
        "south": { "uv": [ 7.75, 9, 8.25, 10 ], "texture": "#hardened_clay_stained_cyan" },
        "west":  { "uv": [ 8, 9, 9.5, 10 ], "texture": "#hardened_clay_stained_cyan" },
        "east":  { "uv": [ 8, 9, 9.5, 10 ], "texture": "#hardened_clay_stained_cyan" }
    }
},
{
    "__comment": "M4a4",
    "from": [ 7.5, 10, 13.5 ],
    "to": [ 8.5, 10.5, 14.5 ],
    "faces": {
        "up":    { "uv": [ 7.5, 13.5, 8.5, 14.5 ], "texture": "#anvil_top_damaged_2" },
        "north": { "uv": [ 7.5, 5.5, 8.5, 6 ], "texture": "#anvil_top_damaged_2" },
        "south": { "uv": [ 7.5, 5.5, 8.5, 6 ], "texture": "#anvil_top_damaged_2" },
        "west":  { "uv": [ 10, 5, 11, 5.5 ], "texture": "#anvil_top_damaged_2" },
        "east":  { "uv": [ 4, 6, 5, 6.5 ], "texture": "#anvil_top_damaged_2" }
    }
},
{
    "__comment": "M4a4",
    "from": [ 7.75, 9, 14 ],
    "to": [ 8.25, 9.5, 16 ],
    "faces": {
        "down":  { "uv": [ 8.5, 16, 7.5, 14 ], "texture": "#door_iron_lower" },
        "up":    { "uv": [ 7.5, 14, 8.5, 16 ], "texture": "#door_iron_lower" },
        "west":  { "uv": [ 9, 6, 11, 6.5 ], "texture": "#door_iron_lower" },
        "east":  { "uv": [ 4.5, 7, 6.5, 7.5 ], "texture": "#door_iron_lower" }
    }
},
{
    "__comment": "M4a4",
    "from": [ 7.75, 8.5, 4 ],
    "to": [ 8.25, 9, 5 ],
    "faces": {
        "down":  { "uv": [ 8.25, 5, 7.75, 4 ], "texture": "#anvil_top_damaged_2" },
        "west":  { "uv": [ 4, 7, 5, 7.5 ], "texture": "#anvil_top_damaged_2" },
        "east":  { "uv": [ 11, 7, 12, 7.5 ], "texture": "#anvil_top_damaged_2" }
    }
},
{
    "__comment": "M4a4",
    "from": [ 7.75, 7.5, 7 ],
    "to": [ 8.25, 8, 7.5 ],
    "faces": {
        "down":  { "uv": [ 8.25, 7.5, 7.75, 7 ], "texture": "#anvil_top_damaged_2" },
        "west":  { "uv": [ 7, 8, 7.5, 8.5 ], "texture": "#anvil_top_damaged_2" },
        "east":  { "uv": [ 8.5, 8, 9, 8.5 ], "texture": "#anvil_top_damaged_2" }
    }
},
{
    "__comment": "M4a4",
    "from": [ 7.5, 8.5, 9.5 ],
    "to": [ 8.5, 9, 14 ],
    "faces": {
        "down":  { "uv": [ 7.5, 9.5, 8.5, 14 ], "texture": "#coal_block" },
        "south": { "uv": [ 7.5, 7, 8.5, 7.5 ], "texture": "#coal_block" },
        "west":  { "uv": [ 9.5, 7, 14, 7.5 ], "texture": "#coal_block" },
        "east":  { "uv": [ 9.5, 7, 14, 7.5 ], "texture": "#coal_block" }
    }
},
{
    "__comment": "M4a4",
    "from": [ 7, 9.5, 5 ],
    "to": [ 9, 10, 5.5 ],
    "faces": {
        "down":  { "uv": [ 9, 5.5, 7, 5 ], "texture": "#coal_block" },
        "up":    { "uv": [ 7, 5, 9, 5.5 ], "texture": "#coal_block" },
        "north": { "uv": [ 7, 6, 9, 6.5 ], "texture": "#coal_block" },
        "south": { "uv": [ 7, 6, 9, 6.5 ], "texture": "#coal_block" },
        "west":  { "uv": [ 5, 6, 5.5, 6.5 ], "texture": "#coal_block" },
        "east":  { "uv": [ 10.5, 6, 11, 6.5 ], "texture": "#coal_block" }
    }
},
{
    "__comment": "M4a4*",
    "from": [ 7.5, 9.5, 5.5 ],
    "to": [ 8.5, 10, 9.5 ],
    "faces": {
        "up":    { "uv": [ 7.5, 5.5, 8.5, 9.5 ], "texture": "#anvil_top_damaged_2" },
        "west":  { "uv": [ 5.5, 6, 9.5, 6.5 ], "texture": "#anvil_top_damaged_2" },
        "east":  { "uv": [ 6.5, 6, 10.5, 6.5 ], "texture": "#anvil_top_damaged_2" }
    }
},
{
    "from": [ 7.5, 8.75, 15.375 ],
    "to": [ 8.5, 9.75, 18.875 ],
    "faces": {
        "down":  { "uv": [ 8.5, 16, 7.5, 15.375 ], "texture": "#hardened_clay_stained_cyan" },
        "up":    { "uv": [ 7.5, 15.375, 8.5, 16 ], "texture": "#hardened_clay_stained_cyan" },
        "north": { "uv": [ 7.5, 6.25, 8.5, 7.25 ], "texture": "#hardened_clay_stained_cyan" },
        "south": { "uv": [ 7.5, 6.25, 8.5, 7.25 ], "texture": "#hardened_clay_stained_cyan" },
        "west":  { "uv": [ 15.375, 6.25, 16, 7.25 ], "texture": "#hardened_clay_stained_cyan" },
        "east":  { "uv": [ 0, 6.25, 0.625, 7.25 ], "texture": "#hardened_clay_stained_cyan" }
    }
}
],
"display": {
    "thirdperson_righthand": {
        "rotation": [ 0, 180, 0 ],
        "translation": [ -0.57, 0.57, -1.13 ],
        "scale": [ 1.5, 1.5, 1.5 ]
    },
    "thirdperson_lefthand": {
        "rotation": [ 0, 180, 0 ],
        "translation": [ -0.57, 0.57, -1.13 ],
        "scale": [ 1.5, 1.5, 1.5 ]
    },
    "ground": {
        "rotation": [ 0, 0, 0 ],
        "translation": [ 0, 0, 0 ],
        "scale": [ 1.5, 1.5, 1.5 ]
    },
    "fixed": {
        "rotation": [ 0, -90, 0 ],
        "translation": [ 0, 0, -0.38 ],
        "scale": [ 1, 1, 1 ]
    },
    "firstperson_righthand": {
        "rotation": [ 6, 180, 0 ],
        "translation": [ -0.19, 1.32, 0 ],
        "scale": [ 1.5, 1.5, 1.5 ]
    },
    "firstperson_lefthand": {
        "rotation": [ 6, 180, 0 ],
        "translation": [ -0.19, 1.32, 0 ],
        "scale": [ 1.5, 1.5, 1.5 ]
    },
    "gui": {
        "rotation": [ 0, 90, 0 ],
        "translation": [ 0, 0, 0 ],
        "scale": [ 1, 1, 1 ]
    }
}
}