{
"__comment": "Designed by Yofox with BDcraft Cubik PRO 0.96 Beta - http://bdcraft.net",
"textures": {
    "texture": "blocks/hardened_clay_stained_silver",
    "anvil_base": "blocks/anvil_base"
},
"elements": [ 
{
    "__comment": "Glock-18",
    "from": [ 6.5, 4, 0.5 ],
    "to": [ 9.5, 6, 1.5 ],
    "faces": {
        "down":  { "uv": [ 9.5, 1.5, 6.5, 0.5 ], "texture": "#texture" },
        "up":    { "uv": [ 6.5, 0.5, 9.5, 1.5 ], "texture": "#texture" },
        "north": { "uv": [ 6.5, 10, 9.5, 12 ], "texture": "#texture" },
        "west":  { "uv": [ 0.5, 10, 1.5, 12 ], "texture": "#texture" },
        "east":  { "uv": [ 14.5, 10, 15.5, 12 ], "texture": "#texture" }
    }
},
{
    "__comment": "Glock-18",
    "from": [ 6.5, 6, 1 ],
    "to": [ 9.5, 6.5, 5.5 ],
    "faces": {
        "down":  { "uv": [ 9.5, 5.5, 6.5, 1 ], "texture": "#texture" },
        "up":    { "uv": [ 6.5, 1, 9.5, 5.5 ], "texture": "#texture" },
        "north": { "uv": [ 6.5, 9.5, 9.5, 10 ], "texture": "#texture" },
        "south": { "uv": [ 6.5, 9.5, 9.5, 10 ], "texture": "#texture" },
        "west":  { "uv": [ 1, 9.5, 5.5, 10 ], "texture": "#texture" },
        "east":  { "uv": [ 10.5, 9.5, 15, 10 ], "texture": "#texture" }
    }
},
{
    "__comment": "Glock-18",
    "from": [ 6.5, 10, 1 ],
    "to": [ 9.5, 10.5, 8 ],
    "faces": {
        "down":  { "uv": [ 9.5, 8, 6.5, 1 ], "texture": "#texture" },
        "up":    { "uv": [ 6.5, 1, 9.5, 8 ], "texture": "#texture" },
        "north": { "uv": [ 6.5, 5.5, 9.5, 6 ], "texture": "#texture" },
        "south": { "uv": [ 6.5, 5.5, 9.5, 6 ], "texture": "#texture" },
        "west":  { "uv": [ 1, 5.5, 8, 6 ], "texture": "#texture" },
        "east":  { "uv": [ 8, 5.5, 15, 6 ], "texture": "#texture" }
    }
},
{
    "__comment": "Glock-18",
    "from": [ 6.5, 3.5, 1.5 ],
    "to": [ 9.5, 6, 5 ],
    "faces": {
        "down":  { "uv": [ 9.5, 5, 6.5, 1.5 ], "texture": "#texture" },
        "north": { "uv": [ 6.5, 10, 9.5, 12.5 ], "texture": "#texture" },
        "south": { "uv": [ 6.5, 10, 9.5, 12.5 ], "texture": "#texture" },
        "west":  { "uv": [ 1.5, 10, 5, 12.5 ], "texture": "#texture" },
        "east":  { "uv": [ 11, 10, 14.5, 12.5 ], "texture": "#texture" }
    }
},
{
    "__comment": "Glock-18",
    "from": [ 6.5, 6.5, 1.5 ],
    "to": [ 9.5, 7.5, 5.5 ],
    "faces": {
        "up":    { "uv": [ 6.5, 1.5, 9.5, 5.5 ], "texture": "#texture" },
        "north": { "uv": [ 6.5, 8.5, 9.5, 9.5 ], "texture": "#texture" },
        "south": { "uv": [ 6.5, 8.5, 9.5, 9.5 ], "texture": "#texture" },
        "west":  { "uv": [ 1.5, 8.5, 5.5, 9.5 ], "texture": "#texture" },
        "east":  { "uv": [ 10.5, 8.5, 14.5, 9.5 ], "texture": "#texture" }
    }
},
{
    "__comment": "Glock-18",
    "from": [ 6.5, 9.5, 1.5 ],
    "to": [ 9.5, 10, 7.5 ],
    "faces": {
        "down":  { "uv": [ 9.5, 7.5, 6.5, 1.5 ], "texture": "#texture" },
        "north": { "uv": [ 6.5, 6, 9.5, 6.5 ], "texture": "#texture" },
        "south": { "uv": [ 6.5, 6, 9.5, 6.5 ], "texture": "#texture" },
        "west":  { "uv": [ 1.5, 6, 7.5, 6.5 ], "texture": "#texture" },
        "east":  { "uv": [ 8.5, 6, 14.5, 6.5 ], "texture": "#texture" }
    }
},
{
    "__comment": "Glock-18",
    "from": [ 6.5, 7.5, 2 ],
    "to": [ 9.5, 9.5, 6 ],
    "faces": {
        "down":  { "uv": [ 9.5, 6, 6.5, 2 ], "texture": "#texture" },
        "north": { "uv": [ 6.5, 6.5, 9.5, 8.5 ], "texture": "#texture" },
        "south": { "uv": [ 6.5, 6.5, 9.5, 8.5 ], "texture": "#texture" },
        "west":  { "uv": [ 2, 6.5, 6, 8.5 ], "texture": "#texture" },
        "east":  { "uv": [ 10, 6.5, 14, 8.5 ], "texture": "#texture" }
    }
},
{
    "__comment": "Glock-18",
    "from": [ 6.5, 5.5, 5 ],
    "to": [ 9.5, 6, 5.5 ],
    "faces": {
        "down":  { "uv": [ 9.5, 5.5, 6.5, 5 ], "texture": "#texture" },
        "south": { "uv": [ 6.5, 10, 9.5, 10.5 ], "texture": "#texture" },
        "west":  { "uv": [ 5, 10, 5.5, 10.5 ], "texture": "#texture" },
        "east":  { "uv": [ 10.5, 10, 11, 10.5 ], "texture": "#texture" }
    }
},
{
    "__comment": "Glock-18",
    "from": [ 7, 4.5, 0 ],
    "to": [ 9, 6, 0.5 ],
    "faces": {
        "down":  { "uv": [ 9, 0.5, 7, 0 ], "texture": "#texture" },
        "up":    { "uv": [ 7, 0, 9, 0.5 ], "texture": "#texture" },
        "north": { "uv": [ 7, 10, 9, 11.5 ], "texture": "#texture", "cullface": "north" },
        "west":  { "uv": [ 0, 10, 0.5, 11.5 ], "texture": "#texture" },
        "east":  { "uv": [ 15.5, 10, 16, 11.5 ], "texture": "#texture" }
    }
},
{
    "__comment": "Glock-18",
    "from": [ 7, 10, 0 ],
    "to": [ 9, 10.5, 1 ],
    "faces": {
        "down":  { "uv": [ 9, 1, 7, 0 ], "texture": "#texture" },
        "up":    { "uv": [ 7, 0, 9, 1 ], "texture": "#texture" },
        "north": { "uv": [ 7, 5.5, 9, 6 ], "texture": "#texture", "cullface": "north" },
        "west":  { "uv": [ 0, 5.5, 1, 6 ], "texture": "#texture" },
        "east":  { "uv": [ 15, 5.5, 16, 6 ], "texture": "#texture" }
    }
},
{
    "__comment": "Glock-18",
    "from": [ 7, 11, 0 ],
    "to": [ 9, 12.5, 16 ],
    "faces": {
        "up":    { "uv": [ 7, 0, 9, 16 ], "texture": "#anvil_base" },
        "north": { "uv": [ 7, 3.5, 9, 5 ], "texture": "#anvil_base", "cullface": "north" },
        "south": { "uv": [ 7, 3.5, 9, 5 ], "texture": "#anvil_base", "cullface": "south" },
        "west":  { "uv": [ 0, 3.5, 16, 5 ], "texture": "#anvil_base" },
        "east":  { "uv": [ 0, 3.5, 16, 5 ], "texture": "#anvil_base" }
    }
},
{
    "__comment": "Glock-18",
    "from": [ 7, 12.5, 0 ],
    "to": [ 9, 13, 6.5 ],
    "faces": {
        "up":    { "uv": [ 7, 0, 9, 6.5 ], "texture": "#anvil_base" },
        "north": { "uv": [ 7, 3, 9, 3.5 ], "texture": "#anvil_base", "cullface": "north" },
        "south": { "uv": [ 7, 3, 9, 3.5 ], "texture": "#anvil_base" },
        "west":  { "uv": [ 0, 3, 6.5, 3.5 ], "texture": "#anvil_base" },
        "east":  { "uv": [ 9.5, 3, 16, 3.5 ], "texture": "#anvil_base" }
    }
},
{
    "__comment": "Glock-18",
    "from": [ 7, 6, 0.5 ],
    "to": [ 9, 6.5, 1 ],
    "faces": {
        "up":    { "uv": [ 7, 0.5, 9, 1 ], "texture": "#texture" },
        "north": { "uv": [ 7, 9.5, 9, 10 ], "texture": "#texture" },
        "west":  { "uv": [ 0.5, 9.5, 1, 10 ], "texture": "#texture" },
        "east":  { "uv": [ 15, 9.5, 15.5, 10 ], "texture": "#texture" }
    }
},
{
    "__comment": "Glock-18",
    "from": [ 7, 6.5, 1 ],
    "to": [ 9, 7.5, 1.5 ],
    "faces": {
        "up":    { "uv": [ 7, 1, 9, 1.5 ], "texture": "#texture" },
        "north": { "uv": [ 7, 8.5, 9, 9.5 ], "texture": "#texture" },
        "west":  { "uv": [ 1, 8.5, 1.5, 9.5 ], "texture": "#texture" },
        "east":  { "uv": [ 14.5, 8.5, 15, 9.5 ], "texture": "#texture" }
    }
},
{
    "__comment": "Glock-18",
    "from": [ 7, 7.5, 1.5 ],
    "to": [ 9, 9.5, 2 ],
    "faces": {
        "north": { "uv": [ 7, 6.5, 9, 8.5 ], "texture": "#texture" },
        "west":  { "uv": [ 1.5, 6.5, 2, 8.5 ], "texture": "#texture" },
        "east":  { "uv": [ 14, 6.5, 14.5, 8.5 ], "texture": "#texture" }
    }
},
{
    "__comment": "Glock-18",
    "from": [ 7, 3, 3 ],
    "to": [ 9, 3.5, 5 ],
    "faces": {
        "down":  { "uv": [ 9, 5, 7, 3 ], "texture": "#texture" },
        "north": { "uv": [ 7, 12.5, 9, 13 ], "texture": "#texture" },
        "south": { "uv": [ 7, 12.5, 9, 13 ], "texture": "#texture" },
        "west":  { "uv": [ 3, 12.5, 5, 13 ], "texture": "#texture" },
        "east":  { "uv": [ 11, 12.5, 13, 13 ], "texture": "#texture" }
    }
},
{
    "__comment": "Glock-18",
    "from": [ 7, 5, 5 ],
    "to": [ 9, 5.5, 5.5 ],
    "faces": {
        "down":  { "uv": [ 9, 5.5, 7, 5 ], "texture": "#texture" },
        "south": { "uv": [ 7, 10.5, 9, 11 ], "texture": "#texture" },
        "west":  { "uv": [ 5, 10.5, 5.5, 11 ], "texture": "#texture" },
        "east":  { "uv": [ 10.5, 10.5, 11, 11 ], "texture": "#texture" }
    }
},
{
    "__comment": "Glock-18",
    "from": [ 7.5, 6, 5.5 ],
    "to": [ 8.5, 6.5, 6 ],
    "faces": {
        "down":  { "uv": [ 8.5, 6, 7.5, 5.5 ], "texture": "#texture" },
        "south": { "uv": [ 7.5, 9.5, 8.5, 10 ], "texture": "#texture" },
        "west":  { "uv": [ 5.5, 9.5, 6, 10 ], "texture": "#texture" },
        "east":  { "uv": [ 10, 9.5, 10.5, 10 ], "texture": "#texture" }
    }
},
{
    "__comment": "Glock-18",
    "from": [ 7, 6.5, 5.5 ],
    "to": [ 9, 7.5, 6 ],
    "faces": {
        "down":  { "uv": [ 9, 6, 7, 5.5 ], "texture": "#texture" },
        "south": { "uv": [ 7, 8.5, 9, 9.5 ], "texture": "#texture" },
        "west":  { "uv": [ 5.5, 8.5, 6, 9.5 ], "texture": "#texture" },
        "east":  { "uv": [ 10, 8.5, 10.5, 9.5 ], "texture": "#texture" }
    }
},
{
    "__comment": "Glock-18",
    "from": [ 7, 8, 6 ],
    "to": [ 9, 9.5, 6.5 ],
    "faces": {
        "down":  { "uv": [ 9, 6.5, 7, 6 ], "texture": "#texture" },
        "south": { "uv": [ 7, 6.5, 9, 8 ], "texture": "#texture" },
        "west":  { "uv": [ 6, 6.5, 6.5, 8 ], "texture": "#texture" },
        "east":  { "uv": [ 9.5, 6.5, 10, 8 ], "texture": "#texture" }
    }
},
{
    "__comment": "Glock-18",
    "from": [ 7, 9, 6.5 ],
    "to": [ 9, 9.5, 7 ],
    "faces": {
        "down":  { "uv": [ 9, 7, 7, 6.5 ], "texture": "#texture" },
        "south": { "uv": [ 7, 6.5, 9, 7 ], "texture": "#texture" },
        "west":  { "uv": [ 6.5, 6.5, 7, 7 ], "texture": "#texture" },
        "east":  { "uv": [ 9, 6.5, 9.5, 7 ], "texture": "#texture" }
    }
},
{
    "__comment": "Glock-18",
    "from": [ 7, 9.5, 7.5 ],
    "to": [ 9, 10, 16 ],
    "faces": {
        "down":  { "uv": [ 9, 16, 7, 7.5 ], "texture": "#texture" },
        "south": { "uv": [ 7, 6, 9, 6.5 ], "texture": "#texture", "cullface": "south" },
        "west":  { "uv": [ 7.5, 6, 16, 6.5 ], "texture": "#texture" },
        "east":  { "uv": [ 0, 6, 8.5, 6.5 ], "texture": "#texture" }
    }
},
{
    "__comment": "Glock-18",
    "from": [ 7, 12.5, 8.5 ],
    "to": [ 9, 13, 16 ],
    "faces": {
        "up":    { "uv": [ 7, 8.5, 9, 16 ], "texture": "#anvil_base" },
        "north": { "uv": [ 7, 3, 9, 3.5 ], "texture": "#anvil_base" },
        "south": { "uv": [ 7, 3, 9, 3.5 ], "texture": "#anvil_base", "cullface": "south" },
        "west":  { "uv": [ 8.5, 3, 16, 3.5 ], "texture": "#anvil_base" },
        "east":  { "uv": [ 0, 3, 7.5, 3.5 ], "texture": "#anvil_base" }
    }
},
{
    "__comment": "Glock-18",
    "from": [ 7.5, 9.5, 1 ],
    "to": [ 8.5, 10, 1.5 ],
    "faces": {
        "down":  { "uv": [ 8.5, 1.5, 7.5, 1 ], "texture": "#texture" },
        "north": { "uv": [ 7.5, 6, 8.5, 6.5 ], "texture": "#texture" },
        "west":  { "uv": [ 1, 6, 1.5, 6.5 ], "texture": "#texture" },
        "east":  { "uv": [ 14.5, 6, 15, 6.5 ], "texture": "#texture" }
    }
},
{
    "__comment": "Glock-18",
    "from": [ 7.5, 4.5, 5 ],
    "to": [ 8.5, 5, 5.5 ],
    "faces": {
        "down":  { "uv": [ 8.5, 5.5, 7.5, 5 ], "texture": "#texture" },
        "south": { "uv": [ 7.5, 11, 8.5, 11.5 ], "texture": "#texture" },
        "west":  { "uv": [ 5, 11, 5.5, 11.5 ], "texture": "#texture" },
        "east":  { "uv": [ 10.5, 11, 11, 11.5 ], "texture": "#texture" }
    }
},
{
    "__comment": "Glock-18",
    "from": [ 7.5, 7, 6 ],
    "to": [ 8.5, 8, 10.5 ],
    "faces": {
        "down":  { "uv": [ 8.5, 10.5, 7.5, 6 ], "texture": "#texture" },
        "up":    { "uv": [ 7.5, 6, 8.5, 10.5 ], "texture": "#texture" },
        "north": { "uv": [ 7.5, 8, 8.5, 9 ], "texture": "#texture" },
        "south": { "uv": [ 7.5, 8, 8.5, 9 ], "texture": "#texture" },
        "west":  { "uv": [ 6, 8, 10.5, 9 ], "texture": "#texture" },
        "east":  { "uv": [ 5.5, 8, 10, 9 ], "texture": "#texture" }
    }
},
{
    "__comment": "Glock-18",
    "from": [ 7.5, 8, 6.5 ],
    "to": [ 8.5, 8.5, 7.5 ],
    "faces": {
        "up":    { "uv": [ 7.5, 6.5, 8.5, 7.5 ], "texture": "#anvil_base" },
        "south": { "uv": [ 7.5, 7.5, 8.5, 8 ], "texture": "#anvil_base" },
        "west":  { "uv": [ 6.5, 7.5, 7.5, 8 ], "texture": "#anvil_base" },
        "east":  { "uv": [ 8.5, 7.5, 9.5, 8 ], "texture": "#anvil_base" }
    }
},
{
    "__comment": "Glock-18",
    "from": [ 7.5, 8.5, 6.5 ],
    "to": [ 8.5, 9, 7 ],
    "faces": {
        "south": { "uv": [ 7.5, 7, 8.5, 7.5 ], "texture": "#anvil_base" },
        "west":  { "uv": [ 6.5, 7, 7, 7.5 ], "texture": "#anvil_base" },
        "east":  { "uv": [ 9, 7, 9.5, 7.5 ], "texture": "#anvil_base" }
    }
},
{
    "__comment": "Glock-18",
    "from": [ 7.25, 12.5, 6.5 ],
    "to": [ 8.75, 13, 8.5 ],
    "faces": {
        "up":    { "uv": [ 7.25, 6.5, 8.75, 8.5 ], "texture": "#anvil_base" },
        "west":  { "uv": [ 6.5, 3, 8.5, 3.5 ], "texture": "#anvil_base" },
        "east":  { "uv": [ 7.5, 3, 9.5, 3.5 ], "texture": "#anvil_base" }
    }
},
{
    "__comment": "Glock-18",
    "from": [ 7.5, 9, 7 ],
    "to": [ 8.5, 9.5, 7.5 ],
    "faces": {
        "down":  { "uv": [ 8.5, 7.5, 7.5, 7 ], "texture": "#anvil_base" },
        "south": { "uv": [ 7.5, 6.5, 8.5, 7 ], "texture": "#anvil_base" },
        "west":  { "uv": [ 7, 6.5, 7.5, 7 ], "texture": "#anvil_base" },
        "east":  { "uv": [ 8.5, 6.5, 9, 7 ], "texture": "#anvil_base" }
    }
},
{
    "__comment": "Glock-18",
    "from": [ 7.5, 8, 9.5 ],
    "to": [ 8.5, 9.5, 10.5 ],
    "faces": {
        "north": { "uv": [ 7.5, 6.5, 8.5, 8 ], "texture": "#texture" },
        "south": { "uv": [ 7.5, 6.5, 8.5, 8 ], "texture": "#texture" },
        "west":  { "uv": [ 9.5, 6.5, 10.5, 8 ], "texture": "#texture" },
        "east":  { "uv": [ 5.5, 6.5, 6.5, 8 ], "texture": "#texture" }
    }
},
{
    "__comment": "Glock-18",
    "from": [ 7, 10, 0 ],
    "to": [ 9, 11, 16 ],
    "faces": {
        "down":  { "uv": [ 9, 16, 7, 0 ], "texture": "#texture" },
        "north": { "uv": [ 7, 5, 9, 6 ], "texture": "#texture", "cullface": "north" },
        "south": { "uv": [ 7, 5, 9, 6 ], "texture": "#texture", "cullface": "south" },
        "west":  { "uv": [ 0, 5, 16, 6 ], "texture": "#texture" },
        "east":  { "uv": [ 0, 5, 16, 6 ], "texture": "#texture" }
    }
}
],
"display": {
    "thirdperson_righthand": {
        "rotation": [ 0, 180, 0 ],
        "translation": [ -0.38, -0.76, 0 ],
        "scale": [ 0.7, 0.7, 0.7 ]
    },
    "thirdperson_lefthand": {
        "rotation": [ 0, 180, 0 ],
        "translation": [ -0.38, -0.76, 0 ],
        "scale": [ 0.7, 0.7, 0.7 ]
    },
    "ground": {
        "rotation": [ 0, 0, 0 ],
        "translation": [ 0, 1.32, 0 ],
        "scale": [ 0.7, 0.7, 0.7 ]
    },
    "fixed": {
        "rotation": [ 0, -90, 0 ],
        "translation": [ 0, 0, -0.57 ],
        "scale": [ 1, 1, 1 ]
    },
    "firstperson_righthand": {
        "rotation": [ 7, 180, 0 ],
        "translation": [ 1.32, 0, 0.19 ],
        "scale": [ 0.7, 0.7, 0.7 ]
    },
    "firstperson_lefthand": {
        "rotation": [ 7, 180, 0 ],
        "translation": [ 1.32, 0, 0.19 ],
        "scale": [ 0.7, 0.7, 0.7 ]
    },
    "gui": {
        "rotation": [ 0, 90, 0 ],
        "translation": [ 0, 0, 0 ],
        "scale": [ 1, 1, 1 ]
    }
}
}