{
"__comment": "Designed by Yofox with BDcraft Cubik PRO 0.96 Beta - http://bdcraft.net",
"textures": {
    "texture": "blocks/door_iron_lower",
    "coal_block": "blocks/coal_block"
},
"elements": [ 
{
    "__comment": "Desert_eagle",
    "from": [ 7, 9, 0.5 ],
    "to": [ 9, 9.5, 9 ],
    "faces": {
        "down":  { "uv": [ 9, 9, 7, 0.5 ], "texture": "#texture" },
        "up":    { "uv": [ 7, 0.5, 9, 9 ], "texture": "#texture" },
        "north": { "uv": [ 7, 6.5, 9, 7 ], "texture": "#texture" },
        "south": { "uv": [ 7, 6.5, 9, 7 ], "texture": "#texture" },
        "west":  { "uv": [ 0.5, 6.5, 9, 7 ], "texture": "#texture" },
        "east":  { "uv": [ 7, 6.5, 15.5, 7 ], "texture": "#texture" }
    }
},
{
    "__comment": "Desert_eagle",
    "from": [ 7, 9.5, 1 ],
    "to": [ 9, 10, 16 ],
    "faces": {
        "down":  { "uv": [ 9, 16, 7, 1 ], "texture": "#texture" },
        "up":    { "uv": [ 7, 1, 9, 16 ], "texture": "#texture" },
        "north": { "uv": [ 7, 6, 9, 6.5 ], "texture": "#texture" },
        "south": { "uv": [ 7, 6, 9, 6.5 ], "texture": "#texture", "cullface": "south" },
        "west":  { "uv": [ 1, 6, 16, 6.5 ], "texture": "#texture" },
        "east":  { "uv": [ 0, 6, 15, 6.5 ], "texture": "#texture" }
    }
},
{
    "__comment": "Desert_eagle",
    "from": [ 7, 3.5, 1.5 ],
    "to": [ 9, 5.5, 5 ],
    "faces": {
        "down":  { "uv": [ 9, 5, 7, 1.5 ], "texture": "#coal_block" },
        "up":    { "uv": [ 7, 1.5, 9, 5 ], "texture": "#coal_block" },
        "north": { "uv": [ 7, 10.5, 9, 12.5 ], "texture": "#coal_block" },
        "south": { "uv": [ 7, 10.5, 9, 12.5 ], "texture": "#coal_block" },
        "west":  { "uv": [ 1.5, 10.5, 5, 12.5 ], "texture": "#coal_block" },
        "east":  { "uv": [ 11, 10.5, 14.5, 12.5 ], "texture": "#coal_block" }
    }
},
{
    "__comment": "Desert_eagle",
    "from": [ 7, 10, 1.5 ],
    "to": [ 9, 11, 16 ],
    "faces": {
        "up":    { "uv": [ 7, 1.5, 9, 16 ], "texture": "#texture" },
        "north": { "uv": [ 7, 5, 9, 6 ], "texture": "#texture" },
        "south": { "uv": [ 7, 5, 9, 6 ], "texture": "#texture", "cullface": "south" },
        "west":  { "uv": [ 1.5, 5, 16, 6 ], "texture": "#texture" },
        "east":  { "uv": [ 0, 5, 14.5, 6 ], "texture": "#texture" }
    }
},
{
    "__comment": "Desert_eagle",
    "from": [ 7, 11, 1.5 ],
    "to": [ 9, 11.5, 9 ],
    "faces": {
        "up":    { "uv": [ 7, 1.5, 9, 9 ], "texture": "#texture" },
        "north": { "uv": [ 7, 4.5, 9, 5 ], "texture": "#texture" },
        "south": { "uv": [ 7, 4.5, 9, 5 ], "texture": "#texture" },
        "west":  { "uv": [ 1.5, 4.5, 9, 5 ], "texture": "#texture" },
        "east":  { "uv": [ 7, 4.5, 14.5, 5 ], "texture": "#texture" }
    }
},
{
    "__comment": "Desert_eagle",
    "from": [ 7, 5.5, 2 ],
    "to": [ 9, 7, 5 ],
    "faces": {
        "up":    { "uv": [ 7, 2, 9, 5 ], "texture": "#coal_block" },
        "north": { "uv": [ 7, 9, 9, 10.5 ], "texture": "#coal_block" },
        "south": { "uv": [ 7, 9, 9, 10.5 ], "texture": "#coal_block" },
        "west":  { "uv": [ 2, 9, 5, 10.5 ], "texture": "#coal_block" },
        "east":  { "uv": [ 11, 9, 14, 10.5 ], "texture": "#coal_block" }
    }
},
{
    "__comment": "Desert_eagle",
    "from": [ 7, 8.5, 2 ],
    "to": [ 9, 9, 6 ],
    "faces": {
        "down":  { "uv": [ 9, 6, 7, 2 ], "texture": "#texture" },
        "north": { "uv": [ 7, 7, 9, 7.5 ], "texture": "#texture" },
        "south": { "uv": [ 7, 7, 9, 7.5 ], "texture": "#texture" },
        "west":  { "uv": [ 2, 7, 6, 7.5 ], "texture": "#texture" },
        "east":  { "uv": [ 10, 7, 14, 7.5 ], "texture": "#texture" }
    }
},
{
    "__comment": "Desert_eagle",
    "from": [ 7, 11.5, 2 ],
    "to": [ 9, 12, 8.5 ],
    "faces": {
        "up":    { "uv": [ 7, 2, 9, 8.5 ], "texture": "#texture" },
        "north": { "uv": [ 7, 4, 9, 4.5 ], "texture": "#texture" },
        "south": { "uv": [ 7, 4, 9, 4.5 ], "texture": "#texture" },
        "west":  { "uv": [ 2, 4, 8.5, 4.5 ], "texture": "#texture" },
        "east":  { "uv": [ 7.5, 4, 14, 4.5 ], "texture": "#texture" }
    }
},
{
    "__comment": "Desert_eagle",
    "from": [ 7, 7, 2.5 ],
    "to": [ 9, 8.5, 5.5 ],
    "faces": {
        "down":  { "uv": [ 9, 5.5, 7, 2.5 ], "texture": "#coal_block" },
        "north": { "uv": [ 7, 7.5, 9, 9 ], "texture": "#coal_block" },
        "south": { "uv": [ 7, 7.5, 9, 9 ], "texture": "#coal_block" },
        "west":  { "uv": [ 2.5, 7.5, 5.5, 9 ], "texture": "#coal_block" },
        "east":  { "uv": [ 10.5, 7.5, 13.5, 9 ], "texture": "#coal_block" }
    }
},
{
    "__comment": "Desert_eagle",
    "from": [ 7, 12, 2.5 ],
    "to": [ 9, 12.5, 3 ],
    "faces": {
        "up":    { "uv": [ 7, 2.5, 9, 3 ], "texture": "#texture" },
        "north": { "uv": [ 7, 3.5, 9, 4 ], "texture": "#texture" },
        "south": { "uv": [ 7, 3.5, 9, 4 ], "texture": "#texture" },
        "west":  { "uv": [ 2.5, 3.5, 3, 4 ], "texture": "#texture" },
        "east":  { "uv": [ 13, 3.5, 13.5, 4 ], "texture": "#texture" }
    }
},
{
    "__comment": "Desert_eagle",
    "from": [ 7, 7.5, 5.5 ],
    "to": [ 9, 8.5, 6 ],
    "faces": {
        "down":  { "uv": [ 9, 6, 7, 5.5 ], "texture": "#texture" },
        "south": { "uv": [ 7, 7.5, 9, 8.5 ], "texture": "#texture" },
        "west":  { "uv": [ 5.5, 7.5, 6, 8.5 ], "texture": "#texture" },
        "east":  { "uv": [ 10, 7.5, 10.5, 8.5 ], "texture": "#texture" }
    }
},
{
    "__comment": "Desert_eagle",
    "from": [ 7, 8.5, 7.5 ],
    "to": [ 9, 9, 8.5 ],
    "faces": {
        "down":  { "uv": [ 9, 8.5, 7, 7.5 ], "texture": "#texture" },
        "north": { "uv": [ 7, 7, 9, 7.5 ], "texture": "#texture" },
        "south": { "uv": [ 7, 7, 9, 7.5 ], "texture": "#texture" },
        "west":  { "uv": [ 7.5, 7, 8.5, 7.5 ], "texture": "#texture" },
        "east":  { "uv": [ 7.5, 7, 8.5, 7.5 ], "texture": "#texture" }
    }
},
{
    "__comment": "Desert_eagle",
    "from": [ 7.5, 9, 0 ],
    "to": [ 8.5, 9.5, 0.5 ],
    "faces": {
        "down":  { "uv": [ 8.5, 0.5, 7.5, 0 ], "texture": "#texture" },
        "up":    { "uv": [ 7.5, 0, 8.5, 0.5 ], "texture": "#texture" },
        "north": { "uv": [ 7.5, 6.5, 8.5, 7 ], "texture": "#texture", "cullface": "north" },
        "west":  { "uv": [ 0, 6.5, 0.5, 7 ], "texture": "#texture" },
        "east":  { "uv": [ 15.5, 6.5, 16, 7 ], "texture": "#texture" }
    }
},
{
    "__comment": "Desert_eagle",
    "from": [ 7.5, 11, 0.5 ],
    "to": [ 8.5, 11.5, 1.5 ],
    "faces": {
        "down":  { "uv": [ 8.5, 1.5, 7.5, 0.5 ], "texture": "#texture" },
        "up":    { "uv": [ 7.5, 0.5, 8.5, 1.5 ], "texture": "#texture" },
        "north": { "uv": [ 7.5, 4.5, 8.5, 5 ], "texture": "#texture" },
        "west":  { "uv": [ 0.5, 4.5, 1.5, 5 ], "texture": "#texture" },
        "east":  { "uv": [ 14.5, 4.5, 15.5, 5 ], "texture": "#texture" }
    }
},
{
    "__comment": "Desert_eagle",
    "from": [ 7.5, 10, 1 ],
    "to": [ 8.5, 11, 1.5 ],
    "faces": {
        "north": { "uv": [ 7.5, 5, 8.5, 6 ], "texture": "#texture" },
        "west":  { "uv": [ 1, 5, 1.5, 6 ], "texture": "#texture" },
        "east":  { "uv": [ 14.5, 5, 15, 6 ], "texture": "#texture" }
    }
},
{
    "__comment": "Desert_eagle",
    "from": [ 7.5, 5.5, 1.5 ],
    "to": [ 8.5, 6, 2 ],
    "faces": {
        "up":    { "uv": [ 7.5, 1.5, 8.5, 2 ], "texture": "#coal_block" },
        "north": { "uv": [ 7.5, 10, 8.5, 10.5 ], "texture": "#coal_block" },
        "west":  { "uv": [ 1.5, 10, 2, 10.5 ], "texture": "#coal_block" },
        "east":  { "uv": [ 14, 10, 14.5, 10.5 ], "texture": "#coal_block" }
    }
},
{
    "__comment": "Desert_eagle",
    "from": [ 7.5, 7, 2 ],
    "to": [ 8.5, 8.5, 2.5 ],
    "faces": {
        "north": { "uv": [ 7.5, 7.5, 8.5, 9 ], "texture": "#coal_block" },
        "west":  { "uv": [ 2, 7.5, 2.5, 9 ], "texture": "#coal_block" },
        "east":  { "uv": [ 13.5, 7.5, 14, 9 ], "texture": "#coal_block" }
    }
},
{
    "__comment": "Desert_eagle",
    "from": [ 7.5, 5.5, 5 ],
    "to": [ 8.5, 7, 5.5 ],
    "faces": {
        "down":  { "uv": [ 8.5, 5.5, 7.5, 5 ], "texture": "#coal_block" },
        "south": { "uv": [ 7.5, 9, 8.5, 10.5 ], "texture": "#coal_block" },
        "west":  { "uv": [ 5, 9, 5.5, 10.5 ], "texture": "#coal_block" },
        "east":  { "uv": [ 10.5, 9, 11, 10.5 ], "texture": "#coal_block" }
    }
},
{
    "__comment": "Desert_eagle",
    "from": [ 7.5, 7, 5.5 ],
    "to": [ 8.5, 7.5, 8.5 ],
    "faces": {
        "down":  { "uv": [ 8.5, 8.5, 7.5, 5.5 ], "texture": "#texture" },
        "up":    { "uv": [ 7.5, 5.5, 8.5, 8.5 ], "texture": "#texture" },
        "south": { "uv": [ 7.5, 8.5, 8.5, 9 ], "texture": "#texture" },
        "west":  { "uv": [ 5.5, 8.5, 8.5, 9 ], "texture": "#texture" },
        "east":  { "uv": [ 7.5, 8.5, 10.5, 9 ], "texture": "#texture" }
    }
},
{
    "__comment": "Desert_eagle",
    "from": [ 7.5, 7.5, 6 ],
    "to": [ 8.5, 8, 7 ],
    "faces": {
        "up":    { "uv": [ 7.5, 6, 8.5, 7 ], "texture": "#texture" },
        "south": { "uv": [ 7.5, 8, 8.5, 8.5 ], "texture": "#texture" },
        "west":  { "uv": [ 6, 8, 7, 8.5 ], "texture": "#texture" },
        "east":  { "uv": [ 9, 8, 10, 8.5 ], "texture": "#texture" }
    }
},
{
    "__comment": "Desert_eagle",
    "from": [ 7.5, 8, 6 ],
    "to": [ 8.5, 9, 6.5 ],
    "faces": {
        "north": { "uv": [ 7.5, 7, 8.5, 8 ], "texture": "#texture" },
        "south": { "uv": [ 7.5, 7, 8.5, 8 ], "texture": "#texture" },
        "west":  { "uv": [ 6, 7, 6.5, 8 ], "texture": "#texture" },
        "east":  { "uv": [ 9.5, 7, 10, 8 ], "texture": "#texture" }
    }
},
{
    "__comment": "Desert_eagle",
    "from": [ 7.5, 7.5, 7.5 ],
    "to": [ 8.5, 8, 8.5 ],
    "faces": {
        "up":    { "uv": [ 7.5, 7.5, 8.5, 8.5 ], "texture": "#texture" },
        "north": { "uv": [ 7.5, 8, 8.5, 8.5 ], "texture": "#texture" },
        "south": { "uv": [ 7.5, 8, 8.5, 8.5 ], "texture": "#texture" },
        "west":  { "uv": [ 7.5, 8, 8.5, 8.5 ], "texture": "#texture" },
        "east":  { "uv": [ 7.5, 8, 8.5, 8.5 ], "texture": "#texture" }
    }
},
{
    "__comment": "Desert_eagle",
    "from": [ 7.5, 8, 8 ],
    "to": [ 8.5, 8.5, 8.5 ],
    "faces": {
        "north": { "uv": [ 7.5, 7.5, 8.5, 8 ], "texture": "#texture" },
        "south": { "uv": [ 7.5, 7.5, 8.5, 8 ], "texture": "#texture" },
        "west":  { "uv": [ 8, 7.5, 8.5, 8 ], "texture": "#texture" },
        "east":  { "uv": [ 7.5, 7.5, 8, 8 ], "texture": "#texture" }
    }
},
{
    "__comment": "Desert_eagle",
    "from": [ 7.5, 11.5, 8.5 ],
    "to": [ 8.5, 12, 16 ],
    "faces": {
        "down":  { "uv": [ 8.5, 16, 7.5, 8.5 ], "texture": "#texture" },
        "up":    { "uv": [ 7.5, 8.5, 8.5, 16 ], "texture": "#texture" },
        "south": { "uv": [ 7.5, 4, 8.5, 4.5 ], "texture": "#texture", "cullface": "south" },
        "west":  { "uv": [ 8.5, 4, 16, 4.5 ], "texture": "#texture" },
        "east":  { "uv": [ 0, 4, 7.5, 4.5 ], "texture": "#texture" }
    }
},
{
    "__comment": "Desert_eagle",
    "from": [ 7.5, 9, 9 ],
    "to": [ 8.5, 9.5, 14.5 ],
    "faces": {
        "down":  { "uv": [ 8.5, 14.5, 7.5, 9 ], "texture": "#texture" },
        "south": { "uv": [ 7.5, 6.5, 8.5, 7 ], "texture": "#texture" },
        "west":  { "uv": [ 9, 6.5, 14.5, 7 ], "texture": "#texture" },
        "east":  { "uv": [ 1.5, 6.5, 7, 7 ], "texture": "#texture" }
    }
},
{
    "__comment": "Desert_eagle",
    "from": [ 7.5, 11, 9 ],
    "to": [ 8.5, 11.5, 16 ],
    "faces": {
        "south": { "uv": [ 7.5, 4.5, 8.5, 5 ], "texture": "#texture", "cullface": "south" },
        "west":  { "uv": [ 9, 4.5, 16, 5 ], "texture": "#texture" },
        "east":  { "uv": [ 0, 4.5, 7, 5 ], "texture": "#texture" }
    }
}
],
"display": {
    "thirdperson_righthand": {
        "rotation": [ 0, 180, 0 ],
        "translation": [ -0.38, -0.57, -0.76 ],
        "scale": [ 0.8, 0.8, 0.8 ]
    },
    "thirdperson_lefthand": {
        "rotation": [ 0, 180, 0 ],
        "translation": [ -0.38, -0.57, -0.76 ],
        "scale": [ 0.8, 0.8, 0.8 ]
    },
    "ground": {
        "rotation": [ 0, 0, 0 ],
        "translation": [ 0, 1.32, 0 ],
        "scale": [ 0.8, 0.8, 0.8 ]
    },
    "fixed": {
        "rotation": [ 0, -90, 0 ],
        "translation": [ 0, 0, 0 ],
        "scale": [ 1, 1, 1 ]
    },
    "firstperson_righthand": {
        "rotation": [ 7, 180, 0 ],
        "translation": [ 0.38, 0.19, -0.19 ],
        "scale": [ 0.8, 0.8, 0.8 ]
    },
    "firstperson_lefthand": {
        "rotation": [ 7, 180, 0 ],
        "translation": [ 0.38, 0.19, -0.19 ],
        "scale": [ 0.8, 0.8, 0.8 ]
    },
    "gui": {
        "rotation": [ 0, 90, 0 ],
        "translation": [ 0, 0, 0 ],
        "scale": [ 1, 1, 1 ]
    }
}
}