{
"__comment": "Designed by Yofox with BDcraft Cubik PRO 0.96 Beta - http://bdcraft.net",
"textures": {
    "texture": "blocks/anvil_base",
    "coal_block": "blocks/coal_block",
    "hopper_inside": "blocks/hopper_inside"
},
"elements": [ 
{
    "__comment": "Usp-s",
    "from": [ 7, 9, 0.5 ],
    "to": [ 9, 9.5, 2 ],
    "faces": {
        "down":  { "uv": [ 9, 2, 7, 0.5 ], "texture": "#coal_block" },
        "up":    { "uv": [ 7, 0.5, 9, 2 ], "texture": "#coal_block" },
        "north": { "uv": [ 7, 6.5, 9, 7 ], "texture": "#coal_block" },
        "south": { "uv": [ 7, 6.5, 9, 7 ], "texture": "#coal_block" },
        "west":  { "uv": [ 0.5, 6.5, 2, 7 ], "texture": "#coal_block" },
        "east":  { "uv": [ 14, 6.5, 15.5, 7 ], "texture": "#coal_block" }
    }
},
{
    "__comment": "Usp-s",
    "from": [ 7.3125, 9.7875, 8.5 ],
    "to": [ 8.7125, 11.1875, 16 ],
    "faces": {
        "down":  { "uv": [ 8.6875, 16, 7.2875, 8.5 ], "texture": "#coal_block" },
        "up":    { "uv": [ 7.3125, 8.5, 8.7125, 16 ], "texture": "#coal_block" },
        "north": { "uv": [ 7.2875, 4.8125, 8.6875, 6.2125 ], "texture": "#coal_block" },
        "south": { "uv": [ 7.3125, 4.8125, 8.7125, 6.2125 ], "texture": "#coal_block" },
        "west":  { "uv": [ 8.5, 4.8125, 16, 6.2125 ], "texture": "#coal_block" },
        "east":  { "uv": [ 0, 4.8125, 7.5, 6.2125 ], "texture": "#coal_block" }
    }
},
{
    "__comment": "Usp-s",
    "from": [ 7.25, 5, 0 ],
    "to": [ 8.75, 7.5, 2.5 ],
    "faces": {
        "down":  { "uv": [ 8.75, 2.5, 7.25, 0 ], "texture": "#coal_block" },
        "up":    { "uv": [ 7.25, 0, 8.75, 2.5 ], "texture": "#coal_block" },
        "north": { "uv": [ 7.25, 8.5, 8.75, 11 ], "texture": "#coal_block" },
        "south": { "uv": [ 7.25, 8.5, 8.75, 11 ], "texture": "#coal_block" },
        "west":  { "uv": [ 0, 8.5, 2.5, 11 ], "texture": "#coal_block" },
        "east":  { "uv": [ 13.5, 8.5, 16, 11 ], "texture": "#coal_block" }
    }
},
{
    "__comment": "Usp-s",
    "from": [ 7.5, 8.5, 0 ],
    "to": [ 8.5, 9, 8 ],
    "faces": {
        "down":  { "uv": [ 8.5, 8, 7.5, 0 ], "texture": "#texture" },
        "up":    { "uv": [ 7.5, 0, 8.5, 8 ], "texture": "#texture" },
        "north": { "uv": [ 7.5, 7, 8.5, 7.5 ], "texture": "#texture" },
        "south": { "uv": [ 7.5, 7, 8.5, 7.5 ], "texture": "#texture" },
        "west":  { "uv": [ 0, 7, 8, 7.5 ], "texture": "#texture" },
        "east":  { "uv": [ 8, 7, 16, 7.5 ], "texture": "#texture" }
    }
},
{
    "__comment": "Usp-s",
    "from": [ 7.5, 9, 0 ],
    "to": [ 8.5, 10.5, 0.5 ],
    "faces": {
        "up":    { "uv": [ 7.5, 0, 8.5, 0.5 ], "texture": "#texture" },
        "north": { "uv": [ 7.5, 5.5, 8.5, 7 ], "texture": "#texture" },
        "south": { "uv": [ 7.5, 5.5, 8.5, 7 ], "texture": "#texture" },
        "west":  { "uv": [ 0, 5.5, 0.5, 7 ], "texture": "#texture" },
        "east":  { "uv": [ 15.5, 5.5, 16, 7 ], "texture": "#texture" }
    }
},
{
    "__comment": "Usp-s",
    "from": [ 7.25, 7.5, 0.5 ],
    "to": [ 8.75, 8, 3 ],
    "faces": {
        "down":  { "uv": [ 8.75, 3, 7.25, 0.5 ], "texture": "#coal_block" },
        "up":    { "uv": [ 7.25, 0.5, 8.75, 3 ], "texture": "#coal_block" },
        "north": { "uv": [ 7.25, 8, 8.75, 8.5 ], "texture": "#coal_block" },
        "south": { "uv": [ 7.25, 8, 8.75, 8.5 ], "texture": "#coal_block" },
        "west":  { "uv": [ 0.5, 8, 3, 8.5 ], "texture": "#coal_block" },
        "east":  { "uv": [ 13, 8, 15.5, 8.5 ], "texture": "#coal_block" }
    }
},
{
    "__comment": "Usp-s",
    "from": [ 7.5, 8, 0.5 ],
    "to": [ 8.5, 8.5, 3 ],
    "faces": {
        "north": { "uv": [ 7.5, 7.5, 8.5, 8 ], "texture": "#texture" },
        "south": { "uv": [ 7.5, 7.5, 8.5, 8 ], "texture": "#texture" },
        "west":  { "uv": [ 0.5, 7.5, 3, 8 ], "texture": "#texture" },
        "east":  { "uv": [ 13, 7.5, 15.5, 8 ], "texture": "#texture" }
    }
},
{
    "__comment": "Usp-s",
    "from": [ 7.5, 9.5, 0.5 ],
    "to": [ 8.5, 11, 8.5 ],
    "faces": {
        "down":  { "uv": [ 8.5, 12, 7.5, 4 ], "texture": "#hopper_inside" },
        "up":    { "uv": [ 7.5, 4, 8.5, 12 ], "texture": "#hopper_inside" },
        "north": { "uv": [ 7.5, 6.5, 8.5, 8 ], "texture": "#hopper_inside" },
        "south": { "uv": [ 7.5, 6.5, 8.5, 8 ], "texture": "#hopper_inside" },
        "west":  { "uv": [ 4, 7.5, 12, 9 ], "texture": "#hopper_inside" },
        "east":  { "uv": [ 4, 7.5, 12, 9 ], "texture": "#hopper_inside" }
    }
},
{
    "__comment": "Usp-s",
    "from": [ 7.25, 4.5, 1.5 ],
    "to": [ 8.75, 5, 3 ],
    "faces": {
        "down":  { "uv": [ 8.75, 3, 7.25, 1.5 ], "texture": "#coal_block" },
        "up":    { "uv": [ 7.25, 1.5, 8.75, 3 ], "texture": "#coal_block" },
        "north": { "uv": [ 7.25, 11, 8.75, 11.5 ], "texture": "#coal_block" },
        "south": { "uv": [ 7.25, 11, 8.75, 11.5 ], "texture": "#coal_block" },
        "west":  { "uv": [ 1.5, 11, 3, 11.5 ], "texture": "#coal_block" },
        "east":  { "uv": [ 13, 11, 14.5, 11.5 ], "texture": "#coal_block" }
    }
},
{
    "__comment": "Usp-s",
    "from": [ 7.5, 9, 2 ],
    "to": [ 8.5, 9.5, 8.5 ],
    "faces": {
        "down":  { "uv": [ 8.5, 8.5, 7.5, 2 ], "texture": "#texture" },
        "south": { "uv": [ 7.5, 6.5, 8.5, 7 ], "texture": "#texture" },
        "west":  { "uv": [ 2, 6.5, 8.5, 7 ], "texture": "#texture" },
        "east":  { "uv": [ 7.5, 6.5, 14, 7 ], "texture": "#texture" }
    }
},
{
    "__comment": "Usp-s",
    "from": [ 7.25, 6.5, 2.5 ],
    "to": [ 8.75, 7.5, 3 ],
    "faces": {
        "down":  { "uv": [ 8.75, 3, 7.25, 2.5 ], "texture": "#coal_block" },
        "south": { "uv": [ 7.25, 8.5, 8.75, 9.5 ], "texture": "#coal_block" },
        "west":  { "uv": [ 2.5, 8.5, 3, 9.5 ], "texture": "#coal_block" },
        "east":  { "uv": [ 13, 8.5, 13.5, 9.5 ], "texture": "#coal_block" }
    }
},
{
    "__comment": "Usp-s",
    "from": [ 7.75, 8, 3.5 ],
    "to": [ 8.25, 8.5, 4 ],
    "faces": {
        "north": { "uv": [ 7.75, 7.5, 8.25, 8 ], "texture": "#coal_block" },
        "south": { "uv": [ 7.75, 7.5, 8.25, 8 ], "texture": "#coal_block" },
        "west":  { "uv": [ 3.5, 7.5, 4, 8 ], "texture": "#coal_block" },
        "east":  { "uv": [ 12, 7.5, 12.5, 8 ], "texture": "#coal_block" }
    }
},
{
    "__comment": "Usp-s",
    "from": [ 7.5, 8, 5 ],
    "to": [ 8.5, 8.5, 5.5 ],
    "faces": {
        "north": { "uv": [ 7.5, 7.5, 8.5, 8 ], "texture": "#texture" },
        "south": { "uv": [ 7.5, 7.5, 8.5, 8 ], "texture": "#texture" },
        "west":  { "uv": [ 5, 7.5, 5.5, 8 ], "texture": "#texture" },
        "east":  { "uv": [ 10.5, 7.5, 11, 8 ], "texture": "#texture" }
    }
},
{
    "__comment": "Usp-s*",
    "from": [ 7.5, 7.5, 3 ],
    "to": [ 8.5, 8, 5.5 ],
    "faces": {
        "down":  { "uv": [ 8.5, 5.5, 7.5, 3 ], "texture": "#texture" },
        "up":    { "uv": [ 7.5, 3, 8.5, 5.5 ], "texture": "#texture" },
        "south": { "uv": [ 7.5, 8, 8.5, 8.5 ], "texture": "#texture" },
        "west":  { "uv": [ 3, 8, 5.5, 8.5 ], "texture": "#texture" },
        "east":  { "uv": [ 10.5, 8, 13, 8.5 ], "texture": "#texture" }
    }
}
],
"display": {
    "thirdperson_righthand": {
        "rotation": [ 0, 180, 0 ],
        "translation": [ -0.76, -0.38, -3.4 ],
        "scale": [ 0.9, 0.9, 0.9 ]
    },
    "thirdperson_lefthand": {
        "rotation": [ 0, 180, 0 ],
        "translation": [ -0.76, -0.38, -3.4 ],
        "scale": [ 0.9, 0.9, 0.9 ]
    },
    "ground": {
        "rotation": [ 0, 0, 0 ],
        "translation": [ 0, 0.94, 0 ],
        "scale": [ 0.9, 0.9, 0.9 ]
    },
    "fixed": {
        "rotation": [ 0, -90, 0 ],
        "translation": [ 0, 0, -0.76 ],
        "scale": [ 1, 1, 1 ]
    },
    "firstperson_righthand": {
        "rotation": [ 13, 180, 0 ],
        "translation": [ 0.38, 2.27, -0.19 ],
        "scale": [ 0.9, 0.9, 0.9 ]
    },
    "firstperson_lefthand": {
        "rotation": [ 13, 180, 0 ],
        "translation": [ 0.38, 2.27, -0.19 ],
        "scale": [ 0.9, 0.9, 0.9 ]
    },
    "gui": {
        "rotation": [ 0, 90, 0 ],
        "translation": [ 0, 0, 0 ],
        "scale": [ 1, 1, 1 ]
    }
}
}