{
"__comment": "Designed by Yofox with BDcraft Cubik PRO 0.96 Beta - http://bdcraft.net",
"textures": {
    "texture": "blocks/anvil_base",
    "log_acacia_top": "blocks/log_acacia_top",
    "iron_block": "blocks/iron_block",
    "hardened_clay_stained_cyan": "blocks/hardened_clay_stained_cyan"
},
"elements": [ 
{
    "__comment": "P90",
    "from": [ 7, 5.5, 0.5 ],
    "to": [ 7.5, 6, 9.5 ],
    "faces": {
        "down":  { "uv": [ 9, 9.5, 8.5, 0.5 ], "texture": "#texture" },
        "up":    { "uv": [ 7, 0.5, 7.5, 9.5 ], "texture": "#texture" },
        "south": { "uv": [ 7, 10, 7.5, 10.5 ], "texture": "#texture" },
        "west":  { "uv": [ 0.5, 10, 9.5, 10.5 ], "texture": "#texture" },
        "east":  { "uv": [ 6.5, 10, 15.5, 10.5 ], "texture": "#texture" }
    }
},
{
    "__comment": "P90",
    "from": [ 7, 6, 0.5 ],
    "to": [ 9, 6.5, 6.5 ],
    "faces": {
        "down":  { "uv": [ 9, 6.5, 7, 0.5 ], "texture": "#texture" },
        "up":    { "uv": [ 7, 0.5, 9, 6.5 ], "texture": "#texture" },
        "south": { "uv": [ 7, 9.5, 9, 10 ], "texture": "#texture" },
        "west":  { "uv": [ 0.5, 9.5, 6.5, 10 ], "texture": "#texture" },
        "east":  { "uv": [ 9.5, 9.5, 15.5, 10 ], "texture": "#texture" }
    }
},
{
    "__comment": "P90",
    "from": [ 7, 6.5, 0.5 ],
    "to": [ 9, 9.5, 6 ],
    "faces": {
        "up":    { "uv": [ 7, 0.5, 9, 6 ], "texture": "#texture" },
        "south": { "uv": [ 7, 6.5, 9, 9.5 ], "texture": "#texture" },
        "west":  { "uv": [ 0.5, 6.5, 6, 9.5 ], "texture": "#texture" },
        "east":  { "uv": [ 10, 6.5, 15.5, 9.5 ], "texture": "#texture" }
    }
},
{
    "__comment": "P90",
    "from": [ 7, 5, 5 ],
    "to": [ 7.5, 5.5, 9 ],
    "faces": {
        "down":  { "uv": [ 9, 9, 8.5, 5 ], "texture": "#texture" },
        "north": { "uv": [ 8.5, 10.5, 9, 11 ], "texture": "#texture" },
        "south": { "uv": [ 7, 10.5, 7.5, 11 ], "texture": "#texture" },
        "west":  { "uv": [ 5, 10.5, 9, 11 ], "texture": "#texture" },
        "east":  { "uv": [ 7, 10.5, 11, 11 ], "texture": "#texture" }
    }
},
{
    "__comment": "P90",
    "from": [ 7, 7, 6 ],
    "to": [ 9, 9, 6.5 ],
    "faces": {
        "down":  { "uv": [ 9, 6.5, 7, 6 ], "texture": "#texture" },
        "south": { "uv": [ 7, 7, 9, 9 ], "texture": "#texture" },
        "west":  { "uv": [ 6, 7, 6.5, 9 ], "texture": "#texture" },
        "east":  { "uv": [ 9.5, 7, 10, 9 ], "texture": "#texture" }
    }
},
{
    "__comment": "P90",
    "from": [ 7, 7.5, 6.5 ],
    "to": [ 9, 9, 14.5 ],
    "faces": {
        "down":  { "uv": [ 9, 14.5, 7, 6.5 ], "texture": "#texture" },
        "up":    { "uv": [ 7, 6.5, 9, 14.5 ], "texture": "#texture" },
        "south": { "uv": [ 7, 7, 9, 8.5 ], "texture": "#texture" },
        "west":  { "uv": [ 6.5, 7, 14.5, 8.5 ], "texture": "#texture" },
        "east":  { "uv": [ 1.5, 7, 9.5, 8.5 ], "texture": "#texture" }
    }
},
{
    "__comment": "P90",
    "from": [ 7, 6, 8 ],
    "to": [ 9, 6.5, 10 ],
    "faces": {
        "down":  { "uv": [ 9, 10, 7, 8 ], "texture": "#texture" },
        "up":    { "uv": [ 7, 8, 9, 10 ], "texture": "#texture" },
        "north": { "uv": [ 7, 9.5, 9, 10 ], "texture": "#texture" },
        "south": { "uv": [ 7, 9.5, 9, 10 ], "texture": "#texture" },
        "west":  { "uv": [ 8, 9.5, 10, 10 ], "texture": "#texture" },
        "east":  { "uv": [ 6, 9.5, 8, 10 ], "texture": "#texture" }
    }
},
{
    "__comment": "P90",
    "from": [ 7, 6.5, 8.5 ],
    "to": [ 9, 7.5, 10 ],
    "faces": {
        "north": { "uv": [ 7, 8.5, 9, 9.5 ], "texture": "#texture" },
        "south": { "uv": [ 7, 8.5, 9, 9.5 ], "texture": "#texture" },
        "west":  { "uv": [ 8.5, 8.5, 10, 9.5 ], "texture": "#texture" },
        "east":  { "uv": [ 6, 8.5, 7.5, 9.5 ], "texture": "#texture" }
    }
},
{
    "__comment": "P90",
    "from": [ 7, 9.5, 9 ],
    "to": [ 9, 10, 11 ],
    "faces": {
        "up":    { "uv": [ 7, 9, 9, 11 ], "texture": "#texture" },
        "north": { "uv": [ 7, 6, 9, 6.5 ], "texture": "#texture" },
        "south": { "uv": [ 7, 6, 9, 6.5 ], "texture": "#texture" },
        "west":  { "uv": [ 9, 6, 11, 6.5 ], "texture": "#texture" },
        "east":  { "uv": [ 5, 6, 7, 6.5 ], "texture": "#texture" }
    }
},
{
    "__comment": "P90",
    "from": [ 7, 7, 10 ],
    "to": [ 9, 7.5, 10.5 ],
    "faces": {
        "down":  { "uv": [ 9, 10.5, 7, 10 ], "texture": "#texture" },
        "south": { "uv": [ 7, 8.5, 9, 9 ], "texture": "#texture" },
        "west":  { "uv": [ 10, 8.5, 10.5, 9 ], "texture": "#texture" },
        "east":  { "uv": [ 5.5, 8.5, 6, 9 ], "texture": "#texture" }
    }
},
{
    "__comment": "P90",
    "from": [ 7, 5, 10.5 ],
    "to": [ 9, 6, 12.5 ],
    "faces": {
        "down":  { "uv": [ 9, 12.5, 7, 10.5 ], "texture": "#texture" },
        "up":    { "uv": [ 7, 10.5, 9, 12.5 ], "texture": "#texture" },
        "north": { "uv": [ 7, 10, 9, 11 ], "texture": "#texture" },
        "south": { "uv": [ 7, 10, 9, 11 ], "texture": "#texture" },
        "west":  { "uv": [ 10.5, 10, 12.5, 11 ], "texture": "#texture" },
        "east":  { "uv": [ 3.5, 10, 5.5, 11 ], "texture": "#texture" }
    }
},
{
    "__comment": "P90",
    "from": [ 7, 6, 11.5 ],
    "to": [ 9, 6.5, 13 ],
    "faces": {
        "down":  { "uv": [ 9, 13, 7, 11.5 ], "texture": "#texture" },
        "up":    { "uv": [ 7, 11.5, 9, 13 ], "texture": "#texture" },
        "north": { "uv": [ 7, 9.5, 9, 10 ], "texture": "#texture" },
        "south": { "uv": [ 7, 9.5, 9, 10 ], "texture": "#texture" },
        "west":  { "uv": [ 11.5, 9.5, 13, 10 ], "texture": "#texture" },
        "east":  { "uv": [ 3, 9.5, 4.5, 10 ], "texture": "#texture" }
    }
},
{
    "__comment": "P90",
    "from": [ 7, 7, 11.5 ],
    "to": [ 9, 7.5, 14.5 ],
    "faces": {
        "down":  { "uv": [ 9, 14.5, 7, 11.5 ], "texture": "#texture" },
        "north": { "uv": [ 7, 8.5, 9, 9 ], "texture": "#texture" },
        "south": { "uv": [ 7, 8.5, 9, 9 ], "texture": "#texture" },
        "west":  { "uv": [ 11.5, 8.5, 14.5, 9 ], "texture": "#texture" },
        "east":  { "uv": [ 1.5, 8.5, 4.5, 9 ], "texture": "#texture" }
    }
},
{
    "__comment": "P90",
    "from": [ 7, 9.5, 11.5 ],
    "to": [ 9, 10, 14.5 ],
    "faces": {
        "down":  { "uv": [ 9, 14.5, 7, 11.5 ], "texture": "#texture" },
        "up":    { "uv": [ 7, 11.5, 9, 14.5 ], "texture": "#texture" },
        "north": { "uv": [ 7, 6, 9, 6.5 ], "texture": "#texture" },
        "south": { "uv": [ 7, 6, 9, 6.5 ], "texture": "#texture" },
        "west":  { "uv": [ 11.5, 6, 14.5, 6.5 ], "texture": "#texture" },
        "east":  { "uv": [ 1.5, 6, 4.5, 6.5 ], "texture": "#texture" }
    }
},
{
    "__comment": "P90",
    "from": [ 7, 6.5, 12 ],
    "to": [ 9, 7, 13 ],
    "faces": {
        "north": { "uv": [ 7, 9, 9, 9.5 ], "texture": "#texture" },
        "south": { "uv": [ 7, 9, 9, 9.5 ], "texture": "#texture" },
        "west":  { "uv": [ 12, 9, 13, 9.5 ], "texture": "#texture" },
        "east":  { "uv": [ 3, 9, 4, 9.5 ], "texture": "#texture" }
    }
},
{
    "__comment": "P90",
    "from": [ 7, 5.5, 12.5 ],
    "to": [ 9, 6, 13 ],
    "faces": {
        "down":  { "uv": [ 9, 13, 7, 12.5 ], "texture": "#texture" },
        "south": { "uv": [ 7, 10, 9, 10.5 ], "texture": "#texture" },
        "west":  { "uv": [ 12.5, 10, 13, 10.5 ], "texture": "#texture" },
        "east":  { "uv": [ 3, 10, 3.5, 10.5 ], "texture": "#texture" }
    }
},
{
    "__comment": "P90",
    "from": [ 7, 6.5, 13.5 ],
    "to": [ 9, 7, 14.5 ],
    "faces": {
        "down":  { "uv": [ 9, 14.5, 7, 13.5 ], "texture": "#texture" },
        "north": { "uv": [ 7, 9, 9, 9.5 ], "texture": "#texture" },
        "south": { "uv": [ 7, 9, 9, 9.5 ], "texture": "#texture" },
        "west":  { "uv": [ 13.5, 9, 14.5, 9.5 ], "texture": "#texture" },
        "east":  { "uv": [ 1.5, 9, 2.5, 9.5 ], "texture": "#texture" }
    }
},
{
    "__comment": "P90",
    "from": [ 7.5, 5.5, 0.5 ],
    "to": [ 9, 6, 4.5 ],
    "faces": {
        "down":  { "uv": [ 8.5, 4.5, 7, 0.5 ], "texture": "#texture" },
        "south": { "uv": [ 7.5, 10, 9, 10.5 ], "texture": "#texture" },
        "east":  { "uv": [ 11.5, 10, 15.5, 10.5 ], "texture": "#texture" }
    }
},
{
    "__comment": "P90",
    "from": [ 7.5, 4.5, 5.5 ],
    "to": [ 8.5, 6, 8.5 ],
    "faces": {
        "down":  { "uv": [ 8.5, 8.5, 7.5, 5.5 ], "texture": "#texture" },
        "up":    { "uv": [ 7.5, 5.5, 8.5, 8.5 ], "texture": "#texture" },
        "north": { "uv": [ 7.5, 10, 8.5, 11.5 ], "texture": "#texture" },
        "south": { "uv": [ 7.5, 10, 8.5, 11.5 ], "texture": "#texture" },
        "west":  { "uv": [ 5.5, 10, 8.5, 11.5 ], "texture": "#texture" },
        "east":  { "uv": [ 7.5, 10, 10.5, 11.5 ], "texture": "#texture" }
    }
},
{
    "__comment": "P90",
    "from": [ 7.5, 6.5, 6 ],
    "to": [ 8.5, 7, 6.5 ],
    "faces": {
        "south": { "uv": [ 7.5, 9, 8.5, 9.5 ], "texture": "#hardened_clay_stained_cyan" },
        "west":  { "uv": [ 6, 9, 6.5, 9.5 ], "texture": "#hardened_clay_stained_cyan" },
        "east":  { "uv": [ 9.5, 9, 10, 9.5 ], "texture": "#hardened_clay_stained_cyan" }
    }
},
{
    "__comment": "P90",
    "from": [ 7.5, 6, 6.5 ],
    "to": [ 8.5, 6.5, 8 ],
    "faces": {
        "up":    { "uv": [ 7.5, 6.5, 8.5, 8 ], "texture": "#hardened_clay_stained_cyan" },
        "west":  { "uv": [ 6.5, 9.5, 8, 10 ], "texture": "#hardened_clay_stained_cyan" },
        "east":  { "uv": [ 8, 9.5, 9.5, 10 ], "texture": "#hardened_clay_stained_cyan" }
    }
},
{
    "__comment": "P90",
    "from": [ 7.5, 7, 6.5 ],
    "to": [ 8.5, 7.5, 8.5 ],
    "faces": {
        "down":  { "uv": [ 8.5, 8.5, 7.5, 6.5 ], "texture": "#hardened_clay_stained_cyan" },
        "west":  { "uv": [ 6.5, 8.5, 8.5, 9 ], "texture": "#hardened_clay_stained_cyan" },
        "east":  { "uv": [ 7.5, 8.5, 9.5, 9 ], "texture": "#hardened_clay_stained_cyan" }
    }
},
{
    "__comment": "P90",
    "from": [ 7.5, 6.5, 8 ],
    "to": [ 8.5, 7, 8.5 ],
    "faces": {
        "north": { "uv": [ 7.5, 9, 8.5, 9.5 ], "texture": "#hardened_clay_stained_cyan" },
        "west":  { "uv": [ 8, 9, 8.5, 9.5 ], "texture": "#hardened_clay_stained_cyan" },
        "east":  { "uv": [ 7.5, 9, 8, 9.5 ], "texture": "#hardened_clay_stained_cyan" }
    }
},
{
    "__comment": "P90",
    "from": [ 7.5, 5, 8.5 ],
    "to": [ 8.5, 6, 9.5 ],
    "faces": {
        "down":  { "uv": [ 8.5, 9.5, 7.5, 8.5 ], "texture": "#texture" },
        "south": { "uv": [ 7.5, 10, 8.5, 11 ], "texture": "#texture" },
        "west":  { "uv": [ 8.5, 10, 9.5, 11 ], "texture": "#texture" },
        "east":  { "uv": [ 6.5, 10, 7.5, 11 ], "texture": "#texture" }
    }
},
{
    "__comment": "P90",
    "from": [ 7.5, 10, 9 ],
    "to": [ 8.5, 10.5, 14 ],
    "faces": {
        "down":  { "uv": [ 8.5, 14, 7.5, 9 ], "texture": "#texture" },
        "up":    { "uv": [ 7.5, 9, 8.5, 14 ], "texture": "#texture" },
        "north": { "uv": [ 7.5, 5.5, 8.5, 6 ], "texture": "#texture" },
        "south": { "uv": [ 7.5, 5.5, 8.5, 6 ], "texture": "#texture" },
        "west":  { "uv": [ 9, 5.5, 14, 6 ], "texture": "#texture" },
        "east":  { "uv": [ 2, 5.5, 7, 6 ], "texture": "#texture" }
    }
},
{
    "__comment": "P90",
    "from": [ 7.5, 10.5, 9 ],
    "to": [ 8.5, 11, 10 ],
    "faces": {
        "up":    { "uv": [ 7.5, 9, 8.5, 10 ], "texture": "#hardened_clay_stained_cyan" },
        "north": { "uv": [ 7.5, 5, 8.5, 5.5 ], "texture": "#hardened_clay_stained_cyan" },
        "south": { "uv": [ 7.5, 5, 8.5, 5.5 ], "texture": "#hardened_clay_stained_cyan" },
        "west":  { "uv": [ 9, 5, 10, 5.5 ], "texture": "#hardened_clay_stained_cyan" },
        "east":  { "uv": [ 6, 5, 7, 5.5 ], "texture": "#hardened_clay_stained_cyan" }
    }
},
{
    "__comment": "P90",
    "from": [ 7.5, 5.5, 9.5 ],
    "to": [ 8.5, 6, 10 ],
    "faces": {
        "down":  { "uv": [ 8.5, 10, 7.5, 9.5 ], "texture": "#texture" },
        "south": { "uv": [ 7.5, 10, 8.5, 10.5 ], "texture": "#texture" },
        "west":  { "uv": [ 9.5, 10, 10, 10.5 ], "texture": "#texture" },
        "east":  { "uv": [ 6, 10, 6.5, 10.5 ], "texture": "#texture" }
    }
},
{
    "__comment": "P90",
    "from": [ 7.5, 11, 9.5 ],
    "to": [ 8.5, 11.5, 10 ],
    "faces": {
        "up":    { "uv": [ 7.5, 9.5, 8.5, 10 ], "texture": "#hardened_clay_stained_cyan" },
        "north": { "uv": [ 7.5, 4.5, 8.5, 5 ], "texture": "#hardened_clay_stained_cyan" },
        "south": { "uv": [ 7.5, 4.5, 8.5, 5 ], "texture": "#hardened_clay_stained_cyan" },
        "west":  { "uv": [ 9.5, 4.5, 10, 5 ], "texture": "#hardened_clay_stained_cyan" },
        "east":  { "uv": [ 6, 4.5, 6.5, 5 ], "texture": "#hardened_clay_stained_cyan" }
    }
},
{
    "__comment": "P90",
    "from": [ 7.5, 4.5, 10 ],
    "to": [ 8.5, 5, 12 ],
    "faces": {
        "down":  { "uv": [ 8.5, 12, 7.5, 10 ], "texture": "#texture" },
        "up":    { "uv": [ 7.5, 10, 8.5, 12 ], "texture": "#texture" },
        "north": { "uv": [ 7.5, 11, 8.5, 11.5 ], "texture": "#texture" },
        "south": { "uv": [ 7.5, 11, 8.5, 11.5 ], "texture": "#texture" },
        "west":  { "uv": [ 10, 11, 12, 11.5 ], "texture": "#texture" },
        "east":  { "uv": [ 4, 11, 6, 11.5 ], "texture": "#texture" }
    }
},
{
    "__comment": "P90",
    "from": [ 7.5, 5, 10 ],
    "to": [ 8.5, 5.5, 10.5 ],
    "faces": {
        "up":    { "uv": [ 7.5, 10, 8.5, 10.5 ], "texture": "#texture" },
        "north": { "uv": [ 7.5, 10.5, 8.5, 11 ], "texture": "#texture" },
        "west":  { "uv": [ 10, 10.5, 10.5, 11 ], "texture": "#texture" },
        "east":  { "uv": [ 5.5, 10.5, 6, 11 ], "texture": "#texture" }
    }
},
{
    "__comment": "P90",
    "from": [ 7.5, 6, 10 ],
    "to": [ 8.5, 6.5, 11.5 ],
    "faces": {
        "down":  { "uv": [ 8.5, 11.5, 7.5, 10 ], "texture": "#hardened_clay_stained_cyan" },
        "up":    { "uv": [ 7.5, 10, 8.5, 11.5 ], "texture": "#hardened_clay_stained_cyan" },
        "west":  { "uv": [ 10, 9.5, 11.5, 10 ], "texture": "#hardened_clay_stained_cyan" },
        "east":  { "uv": [ 4.5, 9.5, 6, 10 ], "texture": "#hardened_clay_stained_cyan" }
    }
},
{
    "__comment": "P90",
    "from": [ 7.5, 6.5, 10 ],
    "to": [ 8.5, 7, 10.5 ],
    "faces": {
        "south": { "uv": [ 7.5, 9, 8.5, 9.5 ], "texture": "#hardened_clay_stained_cyan" },
        "west":  { "uv": [ 10, 9, 10.5, 9.5 ], "texture": "#hardened_clay_stained_cyan" },
        "east":  { "uv": [ 5.5, 9, 6, 9.5 ], "texture": "#hardened_clay_stained_cyan" }
    }
},
{
    "__comment": "P90",
    "from": [ 7.5, 7, 10.5 ],
    "to": [ 8.5, 7.5, 11.5 ],
    "faces": {
        "west":  { "uv": [ 10.5, 8.5, 11.5, 9 ], "texture": "#hardened_clay_stained_cyan" },
        "east":  { "uv": [ 4.5, 8.5, 5.5, 9 ], "texture": "#hardened_clay_stained_cyan" }
    }
},
{
    "__comment": "P90",
    "from": [ 7.5, 9.5, 11 ],
    "to": [ 8.5, 10, 11.5 ],
    "faces": {
        "west":  { "uv": [ 11, 6, 11.5, 6.5 ], "texture": "#texture" },
        "east":  { "uv": [ 4.5, 6, 5, 6.5 ], "texture": "#texture" }
    }
},
{
    "__comment": "P90",
    "from": [ 7.5, 6.5, 11.5 ],
    "to": [ 8.5, 7, 12 ],
    "faces": {
        "north": { "uv": [ 7.5, 9, 8.5, 9.5 ], "texture": "#hardened_clay_stained_cyan" },
        "west":  { "uv": [ 11.5, 9, 12, 9.5 ], "texture": "#hardened_clay_stained_cyan" },
        "east":  { "uv": [ 4, 9, 4.5, 9.5 ], "texture": "#hardened_clay_stained_cyan" }
    }
},
{
    "__comment": "P90",
    "from": [ 7.5, 10.5, 12.5 ],
    "to": [ 8.5, 11, 13.5 ],
    "faces": {
        "up":    { "uv": [ 7.5, 12.5, 8.5, 13.5 ], "texture": "#hardened_clay_stained_cyan" },
        "north": { "uv": [ 7.5, 5, 8.5, 5.5 ], "texture": "#hardened_clay_stained_cyan" },
        "south": { "uv": [ 7.5, 5, 8.5, 5.5 ], "texture": "#hardened_clay_stained_cyan" },
        "west":  { "uv": [ 12.5, 5, 13.5, 5.5 ], "texture": "#hardened_clay_stained_cyan" },
        "east":  { "uv": [ 2.5, 5, 3.5, 5.5 ], "texture": "#hardened_clay_stained_cyan" }
    }
},
{
    "__comment": "P90",
    "from": [ 7.5, 6.5, 13 ],
    "to": [ 8.5, 7, 13.5 ],
    "faces": {
        "down":  { "uv": [ 8.5, 13.5, 7.5, 13 ], "texture": "#texture" },
        "west":  { "uv": [ 13, 9, 13.5, 9.5 ], "texture": "#texture" },
        "east":  { "uv": [ 2.5, 9, 3, 9.5 ], "texture": "#texture" }
    }
},
{
    "__comment": "P90",
    "from": [ 7.5, 11, 13 ],
    "to": [ 8.5, 11.5, 13.5 ],
    "faces": {
        "up":    { "uv": [ 7.5, 13, 8.5, 13.5 ], "texture": "#hardened_clay_stained_cyan" },
        "north": { "uv": [ 7.5, 4.5, 8.5, 5 ], "texture": "#hardened_clay_stained_cyan" },
        "south": { "uv": [ 7.5, 4.5, 8.5, 5 ], "texture": "#hardened_clay_stained_cyan" },
        "west":  { "uv": [ 13, 4.5, 13.5, 5 ], "texture": "#hardened_clay_stained_cyan" },
        "east":  { "uv": [ 2.5, 4.5, 3, 5 ], "texture": "#hardened_clay_stained_cyan" }
    }
},
{
    "__comment": "P90",
    "from": [ 7.5, 6, 13.5 ],
    "to": [ 8.5, 6.5, 14.5 ],
    "faces": {
        "down":  { "uv": [ 8.5, 14.5, 7.5, 13.5 ], "texture": "#texture" },
        "north": { "uv": [ 7.5, 9.5, 8.5, 10 ], "texture": "#texture" },
        "south": { "uv": [ 7.5, 9.5, 8.5, 10 ], "texture": "#texture" },
        "west":  { "uv": [ 13.5, 9.5, 14.5, 10 ], "texture": "#texture" },
        "east":  { "uv": [ 1.5, 9.5, 2.5, 10 ], "texture": "#texture" }
    }
},
{
    "__comment": "P90",
    "from": [ 7.5, 7.5, 14.5 ],
    "to": [ 8.5, 8.5, 16 ],
    "faces": {
        "down":  { "uv": [ 8.5, 16, 7.5, 14.5 ], "texture": "#iron_block" },
        "up":    { "uv": [ 7.5, 14.5, 8.5, 16 ], "texture": "#iron_block" },
        "south": { "uv": [ 7.5, 7.5, 8.5, 8.5 ], "texture": "#iron_block" },
        "west":  { "uv": [ 14.5, 7.5, 16, 8.5 ], "texture": "#iron_block" },
        "east":  { "uv": [ 0, 7.5, 1.5, 8.5 ], "texture": "#iron_block" }
    }
},
{
    "__comment": "P90",
    "from": [ 8.5, 5.5, 4.5 ],
    "to": [ 9, 6, 9.5 ],
    "faces": {
        "down":  { "uv": [ 7.5, 9.5, 7, 4.5 ], "texture": "#texture" },
        "up":    { "uv": [ 8.5, 4.5, 9, 9.5 ], "texture": "#texture" },
        "south": { "uv": [ 8.5, 10, 9, 10.5 ], "texture": "#texture" },
        "west":  { "uv": [ 4.5, 10, 9.5, 10.5 ], "texture": "#texture" },
        "east":  { "uv": [ 6.5, 10, 11.5, 10.5 ], "texture": "#texture" }
    }
},
{
    "__comment": "P90",
    "from": [ 8.5, 5, 5 ],
    "to": [ 9, 5.5, 9 ],
    "faces": {
        "down":  { "uv": [ 7.5, 9, 7, 5 ], "texture": "#texture" },
        "north": { "uv": [ 7, 10.5, 7.5, 11 ], "texture": "#texture" },
        "south": { "uv": [ 8.5, 10.5, 9, 11 ], "texture": "#texture" },
        "west":  { "uv": [ 5, 10.5, 9, 11 ], "texture": "#texture" },
        "east":  { "uv": [ 7, 10.5, 11, 11 ], "texture": "#texture" }
    }
},
{
    "__comment": "P90*",
    "from": [ 7, 9, 13.5 ],
    "to": [ 9, 9.5, 14.5 ],
    "faces": {
        "south": { "uv": [ 7, 6.5, 9, 7 ], "texture": "#texture" },
        "west":  { "uv": [ 13.5, 6.5, 14.5, 7 ], "texture": "#texture" },
        "east":  { "uv": [ 1.5, 6.5, 2.5, 7 ], "texture": "#texture" }
    }
},
{
    "__comment": "P90*",
    "from": [ 7, 9, 6 ],
    "to": [ 9, 9.5, 13.5 ],
    "faces": {
        "down":  { "uv": [ 9, 13.5, 7, 6 ], "texture": "#log_acacia_top" },
        "up":    { "uv": [ 7, 6, 9, 13.5 ], "texture": "#log_acacia_top" },
        "west":  { "uv": [ 6, 6.5, 13.5, 7 ], "texture": "#log_acacia_top" },
        "east":  { "uv": [ 2.5, 6.5, 10, 7 ], "texture": "#log_acacia_top" }
    }
},
{
    "__comment": "P90*",
    "from": [ 7, 5.5, 0 ],
    "to": [ 9, 9.5, 0.5 ],
    "faces": {
        "down":  { "uv": [ 9, 0.5, 7, 0 ], "texture": "#hardened_clay_stained_cyan" },
        "up":    { "uv": [ 7, 0, 9, 0.5 ], "texture": "#hardened_clay_stained_cyan" },
        "north": { "uv": [ 7, 6.5, 9, 10.5 ], "texture": "#hardened_clay_stained_cyan" },
        "south": { "uv": [ 7, 6.5, 9, 10.5 ], "texture": "#hardened_clay_stained_cyan" },
        "west":  { "uv": [ 0, 6.5, 0.5, 10.5 ], "texture": "#hardened_clay_stained_cyan" },
        "east":  { "uv": [ 15.5, 6.5, 16, 10.5 ], "texture": "#hardened_clay_stained_cyan" }
    }
}
],
"display": {
    "thirdperson_righthand": {
        "rotation": [ 0, 180, 0 ],
        "translation": [ -0.38, 0, 3.02 ],
        "scale": [ 1, 1, 1 ]
    },
    "thirdperson_lefthand": {
        "rotation": [ 0, 180, 0 ],
        "translation": [ -0.38, 0, 3.02 ],
        "scale": [ 1, 1, 1 ]
    },
    "ground": {
        "rotation": [ 0, 0, 0 ],
        "translation": [ 0, 0, 0 ],
        "scale": [ 1, 1, 1 ]
    },
    "fixed": {
        "rotation": [ 0, -90, 0 ],
        "translation": [ 0, 0, -0.19 ],
        "scale": [ 1, 1, 1 ]
    },
    "firstperson_righthand": {
        "rotation": [ 9, 180, 0 ],
        "translation": [ 0, 0.76, 3.02 ],
        "scale": [ 1, 1, 1 ]
    },
    "firstperson_lefthand": {
        "rotation": [ 9, 180, 0 ],
        "translation": [ 0, 0.76, 3.02 ],
        "scale": [ 1, 1, 1 ]
    },
    "gui": {
        "rotation": [ 0, 90, 0 ],
        "translation": [ 0, 0, 0 ],
        "scale": [ 1, 1, 1 ]
    }
}
}