{
"__comment": "Designed by Yofox with BDcraft Cubik PRO 0.96 Beta - http://bdcraft.net",
"textures": {
    "log_oak": "blocks/log_acacia_top",
    "anvil_top_damaged_2": "blocks/anvil_base"
},
"elements": [ 
{
    "__comment": "Ak-47",
    "from": [ 7, 9.5, 8.5 ],
    "to": [ 8.5, 10, 9 ],
    "faces": {
        "down":  { "uv": [ 9, 9, 7.5, 8.5 ], "texture": "#anvil_top_damaged_2" },
        "up":    { "uv": [ 7, 8.5, 8.5, 9 ], "texture": "#anvil_top_damaged_2" },
        "north": { "uv": [ 7.5, 6, 9, 6.5 ], "texture": "#anvil_top_damaged_2" },
        "south": { "uv": [ 7, 6, 8.5, 6.5 ], "texture": "#anvil_top_damaged_2" },
        "west":  { "uv": [ 8.5, 6, 9, 6.5 ], "texture": "#anvil_top_damaged_2" },
        "east":  { "uv": [ 7, 6, 7.5, 6.5 ], "texture": "#anvil_top_damaged_2" }
    }
},
{
    "__comment": "Ak-47",
    "from": [ 7.5, 7, 0 ],
    "to": [ 8.5, 9.5, 0.5 ],
    "faces": {
        "down":  { "uv": [ 8.5, 1, 7.5, 0.5 ], "texture": "#log_oak" },
        "up":    { "uv": [ 7.5, 0.5, 8.5, 1 ], "texture": "#log_oak" },
        "north": { "uv": [ 0, 11.5, 1, 14 ], "texture": "#log_oak", "cullface": "north" },
        "south": { "uv": [ 0, 5, 1, 7.5 ], "texture": "#log_oak" },
        "west":  { "uv": [ 0.5, 5.5, 1, 8 ], "texture": "#log_oak" },
        "east":  { "uv": [ 0.5, 11, 1, 13.5 ], "texture": "#log_oak" }
    }
},
{
    "__comment": "Ak-47",
    "from": [ 7.5, 7.5, 0.5 ],
    "to": [ 8.5, 9.5, 2 ],
    "faces": {
        "down":  { "uv": [ 8.5, 2.5, 7.5, 1 ], "texture": "#log_oak" },
        "up":    { "uv": [ 7.5, 1, 8.5, 2.5 ], "texture": "#log_oak" },
        "south": { "uv": [ 7.5, 6.5, 8.5, 8.5 ], "texture": "#log_oak" },
        "west":  { "uv": [ 1, 6.5, 2.5, 8.5 ], "texture": "#log_oak" },
        "east":  { "uv": [ 13.5, 6.5, 15, 8.5 ], "texture": "#log_oak" }
    }
},
{
    "__comment": "Ak-47",
    "from": [ 7.5, 8, 2 ],
    "to": [ 8.5, 9.5, 3 ],
    "faces": {
        "down":  { "uv": [ 8.5, 3, 7.5, 2 ], "texture": "#log_oak" },
        "up":    { "uv": [ 7.5, 2, 8.5, 3 ], "texture": "#log_oak" },
        "south": { "uv": [ 7.5, 6.5, 8.5, 8 ], "texture": "#log_oak" },
        "west":  { "uv": [ 2, 6.5, 3, 8 ], "texture": "#log_oak" },
        "east":  { "uv": [ 13, 6.5, 14, 8 ], "texture": "#log_oak" }
    }
},
{
    "__comment": "Ak-47",
    "from": [ 7.5, 8.5, 3 ],
    "to": [ 8.5, 9.5, 10 ],
    "faces": {
        "down":  { "uv": [ 8.5, 10, 7.5, 3 ], "texture": "#anvil_top_damaged_2" },
        "up":    { "uv": [ 7.5, 3, 8.5, 10 ], "texture": "#anvil_top_damaged_2" },
        "south": { "uv": [ 7.5, 6.5, 8.5, 7.5 ], "texture": "#anvil_top_damaged_2" },
        "west":  { "uv": [ 3, 6.5, 10, 7.5 ], "texture": "#anvil_top_damaged_2" },
        "east":  { "uv": [ 6, 6.5, 13, 7.5 ], "texture": "#anvil_top_damaged_2" }
    }
},
{
    "__comment": "Ak-47",
    "from": [ 7.5, 9.5, 4.5 ],
    "to": [ 8.5, 10, 8.5 ],
    "faces": {
        "up":    { "uv": [ 7.5, 4.5, 8.5, 8.5 ], "texture": "#anvil_top_damaged_2" },
        "north": { "uv": [ 7.5, 6, 8.5, 6.5 ], "texture": "#anvil_top_damaged_2" },
        "west":  { "uv": [ 4.5, 6, 8.5, 6.5 ], "texture": "#anvil_top_damaged_2" },
        "east":  { "uv": [ 7.5, 6, 11.5, 6.5 ], "texture": "#anvil_top_damaged_2" }
    }
},
{
    "__comment": "Ak-47",
    "from": [ 7.5, 9.5, 9 ],
    "to": [ 8.5, 10, 11 ],
    "faces": {
        "down":  { "uv": [ 8.5, 11, 7.5, 9 ], "texture": "#anvil_top_damaged_2" },
        "up":    { "uv": [ 7.5, 9, 8.5, 11 ], "texture": "#anvil_top_damaged_2" },
        "south": { "uv": [ 7.5, 6, 8.5, 6.5 ], "texture": "#anvil_top_damaged_2" },
        "west":  { "uv": [ 9, 6, 11, 6.5 ], "texture": "#anvil_top_damaged_2" },
        "east":  { "uv": [ 5, 6, 7, 6.5 ], "texture": "#anvil_top_damaged_2" }
    }
},
{
    "__comment": "Ak-47",
    "from": [ 7.5, 10, 9.5 ],
    "to": [ 8.5, 10.5, 10 ],
    "faces": {
        "up":    { "uv": [ 7.5, 9.5, 8.5, 10 ], "texture": "#anvil_top_damaged_2" },
        "north": { "uv": [ 7.5, 5.5, 8.5, 6 ], "texture": "#anvil_top_damaged_2" },
        "south": { "uv": [ 7.5, 5.5, 8.5, 6 ], "texture": "#anvil_top_damaged_2" },
        "west":  { "uv": [ 9.5, 5.5, 10, 6 ], "texture": "#anvil_top_damaged_2" },
        "east":  { "uv": [ 6, 5.5, 6.5, 6 ], "texture": "#anvil_top_damaged_2" }
    }
},
{
    "__comment": "Ak-47",
    "from": [ 7.5, 9, 10 ],
    "to": [ 8.5, 9.5, 12.5 ],
    "faces": {
        "down":  { "uv": [ 8.5, 12.5, 7.5, 10 ], "texture": "#log_oak" },
        "south": { "uv": [ 7.5, 6.5, 8.5, 7 ], "texture": "#log_oak" },
        "west":  { "uv": [ 10, 6.5, 12.5, 7 ], "texture": "#log_oak" },
        "east":  { "uv": [ 3.5, 6.5, 6, 7 ], "texture": "#log_oak" }
    }
},
{
    "__comment": "Ak-47",
    "from": [ 7.75, 7, 4 ],
    "to": [ 8.25, 7.5, 5.5 ],
    "faces": {
        "down":  { "uv": [ 8.25, 5.5, 7.75, 4 ], "texture": "#log_oak" },
        "up":    { "uv": [ 7.75, 4, 8.25, 5.5 ], "texture": "#log_oak" },
        "north": { "uv": [ 7.75, 8.5, 8.25, 9 ], "texture": "#log_oak" },
        "south": { "uv": [ 7.75, 8.5, 8.25, 9 ], "texture": "#log_oak" },
        "west":  { "uv": [ 4, 8.5, 5.5, 9 ], "texture": "#log_oak" },
        "east":  { "uv": [ 10.5, 8.5, 12, 9 ], "texture": "#log_oak" }
    }
},
{
    "__comment": "Ak-47",
    "from": [ 7.75, 7.5, 4.5 ],
    "to": [ 8.25, 8.5, 5.5 ],
    "faces": {
        "north": { "uv": [ 7.75, 7.5, 8.25, 8.5 ], "texture": "#log_oak" },
        "south": { "uv": [ 7.75, 7.5, 8.25, 8.5 ], "texture": "#log_oak" },
        "west":  { "uv": [ 4.5, 7.5, 5.5, 8.5 ], "texture": "#log_oak" },
        "east":  { "uv": [ 10.5, 7.5, 11.5, 8.5 ], "texture": "#log_oak" }
    }
},
{
    "__comment": "Ak-47",
    "from": [ 7.8125, 8, 5.5 ],
    "to": [ 8.3125, 8.5, 6 ],
    "faces": {
        "down":  { "uv": [ 8.1875, 6, 7.6875, 5.5 ], "texture": "#log_oak" },
        "north": { "uv": [ 7.6875, 7.5, 8.1875, 8 ], "texture": "#log_oak" },
        "south": { "uv": [ 7.8125, 7.5, 8.3125, 8 ], "texture": "#log_oak" },
        "west":  { "uv": [ 5.5, 7.5, 6, 8 ], "texture": "#log_oak" },
        "east":  { "uv": [ 10, 7.5, 10.5, 8 ], "texture": "#log_oak" }
    }
},
{
    "__comment": "Ak-47",
    "from": [ 7.75, 8, 6.5 ],
    "to": [ 8.25, 8.5, 8.5 ],
    "faces": {
        "down":  { "uv": [ 8.25, 8.5, 7.75, 6.5 ], "texture": "#anvil_top_damaged_2" },
        "north": { "uv": [ 7.75, 7.5, 8.25, 8 ], "texture": "#anvil_top_damaged_2" },
        "south": { "uv": [ 7.75, 7.5, 8.25, 8 ], "texture": "#anvil_top_damaged_2" },
        "west":  { "uv": [ 6.5, 7.5, 8.5, 8 ], "texture": "#anvil_top_damaged_2" },
        "east":  { "uv": [ 7.5, 7.5, 9.5, 8 ], "texture": "#anvil_top_damaged_2" }
    }
},
{
    "__comment": "Ak-47",
    "from": [ 7.75, 7, 7 ],
    "to": [ 8.25, 8, 9 ],
    "faces": {
        "down":  { "uv": [ 8.25, 9, 7.75, 7 ], "texture": "#anvil_top_damaged_2" },
        "up":    { "uv": [ 7.75, 7, 8.25, 9 ], "texture": "#anvil_top_damaged_2" },
        "north": { "uv": [ 7.75, 8, 8.25, 9 ], "texture": "#anvil_top_damaged_2" },
        "south": { "uv": [ 7.75, 8, 8.25, 9 ], "texture": "#anvil_top_damaged_2" },
        "west":  { "uv": [ 7, 8, 9, 9 ], "texture": "#anvil_top_damaged_2" },
        "east":  { "uv": [ 7, 8, 9, 9 ], "texture": "#anvil_top_damaged_2" }
    }
},
{
    "__comment": "Ak-47",
    "from": [ 7.75, 6.5, 7.5 ],
    "to": [ 8.25, 7, 9.5 ],
    "faces": {
        "down":  { "uv": [ 8.25, 9.5, 7.75, 7.5 ], "texture": "#anvil_top_damaged_2" },
        "up":    { "uv": [ 7.75, 7.5, 8.25, 9.5 ], "texture": "#anvil_top_damaged_2" },
        "north": { "uv": [ 7.75, 9, 8.25, 9.5 ], "texture": "#anvil_top_damaged_2" },
        "south": { "uv": [ 7.75, 9, 8.25, 9.5 ], "texture": "#anvil_top_damaged_2" },
        "west":  { "uv": [ 7.5, 9, 9.5, 9.5 ], "texture": "#anvil_top_damaged_2" },
        "east":  { "uv": [ 6.5, 9, 8.5, 9.5 ], "texture": "#anvil_top_damaged_2" }
    }
},
{
    "__comment": "Ak-47",
    "from": [ 7.75, 6, 8 ],
    "to": [ 8.25, 6.5, 9.5 ],
    "faces": {
        "down":  { "uv": [ 8.25, 9.5, 7.75, 8 ], "texture": "#anvil_top_damaged_2" },
        "north": { "uv": [ 7.75, 9.5, 8.25, 10 ], "texture": "#anvil_top_damaged_2" },
        "south": { "uv": [ 7.75, 9.5, 8.25, 10 ], "texture": "#anvil_top_damaged_2" },
        "west":  { "uv": [ 8, 9.5, 9.5, 10 ], "texture": "#anvil_top_damaged_2" },
        "east":  { "uv": [ 6.5, 9.5, 8, 10 ], "texture": "#anvil_top_damaged_2" }
    }
},
{
    "__comment": "Ak-47",
    "from": [ 7.75, 5.5, 8.5 ],
    "to": [ 8.25, 6, 9.5 ],
    "faces": {
        "down":  { "uv": [ 8.25, 9.5, 7.75, 8.5 ], "texture": "#anvil_top_damaged_2" },
        "north": { "uv": [ 7.75, 10, 8.25, 10.5 ], "texture": "#anvil_top_damaged_2" },
        "south": { "uv": [ 7.75, 10, 8.25, 10.5 ], "texture": "#anvil_top_damaged_2" },
        "west":  { "uv": [ 8.5, 10, 9.5, 10.5 ], "texture": "#anvil_top_damaged_2" },
        "east":  { "uv": [ 6.5, 10, 7.5, 10.5 ], "texture": "#anvil_top_damaged_2" }
    }
},
{
    "__comment": "Ak-47",
    "from": [ 7.75, 10, 8.5 ],
    "to": [ 8.25, 10.5, 9.5 ],
    "faces": {
        "down":  { "uv": [ 8.25, 9.5, 7.75, 8.5 ], "texture": "#anvil_top_damaged_2" },
        "up":    { "uv": [ 7.75, 8.5, 8.25, 9.5 ], "texture": "#anvil_top_damaged_2" },
        "north": { "uv": [ 7.75, 5.5, 8.25, 6 ], "texture": "#anvil_top_damaged_2" },
        "west":  { "uv": [ 8.5, 5.5, 9.5, 6 ], "texture": "#anvil_top_damaged_2" },
        "east":  { "uv": [ 6.5, 5.5, 7.5, 6 ], "texture": "#anvil_top_damaged_2" }
    }
},
{
    "__comment": "Ak-47",
    "from": [ 7.75, 8.5, 10 ],
    "to": [ 8.25, 9, 11 ],
    "faces": {
        "down":  { "uv": [ 8.25, 11, 7.75, 10 ], "texture": "#log_oak" },
        "south": { "uv": [ 7.75, 7, 8.25, 7.5 ], "texture": "#log_oak" },
        "west":  { "uv": [ 10, 7, 11, 7.5 ], "texture": "#log_oak" },
        "east":  { "uv": [ 5, 7, 6, 7.5 ], "texture": "#log_oak" }
    }
},
{
    "__comment": "Ak-47",
    "from": [ 7.75, 9, 12.5 ],
    "to": [ 8.25, 9.5, 16 ],
    "faces": {
        "down":  { "uv": [ 8.25, 16, 7.75, 12.5 ], "texture": "#anvil_top_damaged_2" },
        "up":    { "uv": [ 7.75, 12.5, 8.25, 16 ], "texture": "#anvil_top_damaged_2" },
        "south": { "uv": [ 7.75, 6.5, 8.25, 7 ], "texture": "#anvil_top_damaged_2", "cullface": "south" },
        "west":  { "uv": [ 8.5, 6.5, 12, 7 ], "texture": "#anvil_top_damaged_2" },
        "east":  { "uv": [ 5, 5.5, 8.5, 6 ], "texture": "#anvil_top_damaged_2" }
    }
},
{
    "__comment": "Ak-47",
    "from": [ 7.75, 9.5, 12.5 ],
    "to": [ 8.25, 10, 14 ],
    "faces": {
        "up":    { "uv": [ 7.75, 12.5, 8.25, 16 ], "texture": "#anvil_top_damaged_2" },
        "south": { "uv": [ 7.75, 6.5, 8.25, 7 ], "texture": "#anvil_top_damaged_2" },
        "west":  { "uv": [ 8.5, 6.5, 12, 7 ], "texture": "#anvil_top_damaged_2" },
        "east":  { "uv": [ 5, 5.5, 8.5, 6 ], "texture": "#anvil_top_damaged_2" }
    }
},
{
    "__comment": "Ak-47",
    "from": [ 7.75, 9.5, 15 ],
    "to": [ 8.25, 10.5, 15.5 ],
    "faces": {
        "up":    { "uv": [ 7.75, 12.5, 8.25, 16 ], "texture": "#anvil_top_damaged_2" },
        "north": { "uv": [ 7.75, 6.5, 8.25, 7 ], "texture": "#anvil_top_damaged_2" },
        "south": { "uv": [ 7.75, 6.5, 8.25, 7 ], "texture": "#anvil_top_damaged_2" },
        "west":  { "uv": [ 8.5, 6.5, 12, 7 ], "texture": "#anvil_top_damaged_2" },
        "east":  { "uv": [ 5, 5.5, 8.5, 6 ], "texture": "#anvil_top_damaged_2" }
    }
},
{
    "__comment": "Ak-47",
    "from": [ 8.5, 9, 5 ],
    "to": [ 9, 9.5, 7.5 ],
    "faces": {
        "down":  { "uv": [ 7.5, 7.5, 7, 5 ], "texture": "#anvil_top_damaged_2" },
        "up":    { "uv": [ 8.5, 5, 9, 7.5 ], "texture": "#anvil_top_damaged_2" },
        "north": { "uv": [ 7, 6.5, 7.5, 7 ], "texture": "#anvil_top_damaged_2" },
        "south": { "uv": [ 8.5, 6.5, 9, 7 ], "texture": "#anvil_top_damaged_2" },
        "east":  { "uv": [ 8.5, 6.5, 11, 7 ], "texture": "#anvil_top_damaged_2" }
    }
},
{
    "__comment": "Ak-47",
    "from": [ 8.5, 8.5, 6 ],
    "to": [ 9, 9, 6.5 ],
    "faces": {
        "down":  { "uv": [ 7.5, 6.5, 7, 6 ], "texture": "#anvil_top_damaged_2" },
        "north": { "uv": [ 7, 7, 7.5, 7.5 ], "texture": "#anvil_top_damaged_2" },
        "south": { "uv": [ 8.5, 7, 9, 7.5 ], "texture": "#anvil_top_damaged_2" },
        "east":  { "uv": [ 9.5, 7, 10, 7.5 ], "texture": "#anvil_top_damaged_2" }
    }
},
{
    "__comment": "Ak-47*",
    "from": [ 7.75, 9.5, 15.5 ],
    "to": [ 8.25, 10, 16 ],
    "faces": {
        "up":    { "uv": [ 7.75, 12.5, 8.25, 16 ], "texture": "#anvil_top_damaged_2" },
        "south": { "uv": [ 7.75, 6.5, 8.25, 7 ], "texture": "#anvil_top_damaged_2", "cullface": "south" },
        "west":  { "uv": [ 8.5, 6.5, 12, 7 ], "texture": "#anvil_top_damaged_2" },
        "east":  { "uv": [ 5, 5.5, 8.5, 6 ], "texture": "#anvil_top_damaged_2" }
    }
},
{
    "__comment": "Ak-47*",
    "from": [ 7.75, 9.5, 3.5 ],
    "to": [ 8.25, 10, 4.5 ],
    "faces": {
        "up":    { "uv": [ 7.75, 3.5, 8.25, 4.5 ], "texture": "#anvil_top_damaged_2" },
        "north": { "uv": [ 7.75, 6, 8.25, 6.5 ], "texture": "#anvil_top_damaged_2" },
        "west":  { "uv": [ 3.5, 6, 4.5, 6.5 ], "texture": "#anvil_top_damaged_2" },
        "east":  { "uv": [ 11.5, 6, 12.5, 6.5 ], "texture": "#anvil_top_damaged_2" }
    }
},
{
    "__comment": "Ak-47*",
    "from": [ 7.5, 9.5, 11 ],
    "to": [ 8.5, 10, 12.5 ],
    "faces": {
        "down":  { "uv": [ 8.5, 12.5, 7.5, 11 ], "texture": "#log_oak" },
        "up":    { "uv": [ 7.5, 11, 8.5, 12.5 ], "texture": "#log_oak" },
        "south": { "uv": [ 7.5, 6, 8.5, 6.5 ], "texture": "#log_oak" },
        "west":  { "uv": [ 11, 6, 12.5, 6.5 ], "texture": "#log_oak" },
        "east":  { "uv": [ 3.5, 6, 5, 6.5 ], "texture": "#log_oak" }
    }
}
],
"display": {
    "thirdperson_righthand": {
        "rotation": [ 0, 180, 0 ],
        "translation": [ -0.57, 0, -2.83 ],
        "scale": [ 1.5, 1.5, 1.5 ]
    },
    "thirdperson_lefthand": {
        "rotation": [ 0, 180, 0 ],
        "translation": [ -0.57, 0, -2.83 ],
        "scale": [ 1.5, 1.5, 1.5 ]
    },
    "ground": {
        "rotation": [ 0, 0, 0 ],
        "translation": [ 0, 0, 0 ],
        "scale": [ 1.5, 1.5, 1.5 ]
    },
    "fixed": {
        "rotation": [ 0, -90, 0 ],
        "translation": [ 0, 0, -0.38 ],
        "scale": [ 1, 1, 1 ]
    },
    "firstperson_righthand": {
        "rotation": [ 6, 180, 1 ],
        "translation": [ 0.76, 0.19, -1.51 ],
        "scale": [ 1.5, 1.5, 1.5 ]
    },
    "firstperson_lefthand": {
        "rotation": [ 6, 180, 1 ],
        "translation": [ 0.76, 0.19, -1.51 ],
        "scale": [ 1.5, 1.5, 1.5 ]
    },
    "gui": {
        "rotation": [ 0, 90, 0 ],
        "translation": [ 0, 0, 0 ],
        "scale": [ 1, 1, 1 ]
    }
}
}