{
"__comment": "Designed by Yofox with BDcraft Cubik PRO 0.96 Beta - http://bdcraft.net",
"textures": {
    "texture": "blocks/anvil_base",
    "door_iron_lower": "blocks/door_iron_lower",
    "hardened_clay_stained_cyan": "blocks/hardened_clay_stained_cyan"
},
"elements": [ 
{
    "__comment": "Cz_75",
    "from": [ 7, 4.5, 0 ],
    "to": [ 9, 6, 3.5 ],
    "faces": {
        "down":  { "uv": [ 9, 3.5, 7, 0 ], "texture": "#texture" },
        "up":    { "uv": [ 7, 0, 9, 3.5 ], "texture": "#texture" },
        "north": { "uv": [ 7, 10, 9, 11.5 ], "texture": "#texture", "cullface": "north" },
        "south": { "uv": [ 7, 10, 9, 11.5 ], "texture": "#texture" },
        "west":  { "uv": [ 0, 10, 3.5, 11.5 ], "texture": "#texture" },
        "east":  { "uv": [ 12.5, 10, 16, 11.5 ], "texture": "#texture" }
    }
},
{
    "__comment": "Cz_75",
    "from": [ 7.25, 4, 0.5 ],
    "to": [ 8.75, 4.5, 4 ],
    "faces": {
        "down":  { "uv": [ 8.75, 4, 7.25, 0.5 ], "texture": "#texture" },
        "up":    { "uv": [ 7.25, 0.5, 8.75, 4 ], "texture": "#texture" },
        "north": { "uv": [ 7.25, 11.5, 8.75, 12 ], "texture": "#texture" },
        "south": { "uv": [ 7.25, 11.5, 8.75, 12 ], "texture": "#texture" },
        "west":  { "uv": [ 0.5, 11.5, 4, 12 ], "texture": "#texture" },
        "east":  { "uv": [ 12, 11.5, 15.5, 12 ], "texture": "#texture" }
    }
},
{
    "__comment": "Cz_75",
    "from": [ 7, 6, 0.5 ],
    "to": [ 9, 7.5, 3.5 ],
    "faces": {
        "up":    { "uv": [ 7, 0.5, 9, 3.5 ], "texture": "#texture" },
        "north": { "uv": [ 7, 8.5, 9, 10 ], "texture": "#texture" },
        "south": { "uv": [ 7, 8.5, 9, 10 ], "texture": "#texture" },
        "west":  { "uv": [ 0.5, 8.5, 3.5, 10 ], "texture": "#texture" },
        "east":  { "uv": [ 12.5, 8.5, 15.5, 10 ], "texture": "#texture" }
    }
},
{
    "__comment": "Cz_75",
    "from": [ 7, 7.5, 1 ],
    "to": [ 9, 8.5, 4.5 ],
    "faces": {
        "down":  { "uv": [ 9, 4.5, 7, 1 ], "texture": "#texture" },
        "up":    { "uv": [ 7, 1, 9, 4.5 ], "texture": "#texture" },
        "north": { "uv": [ 7, 7.5, 9, 8.5 ], "texture": "#texture" },
        "south": { "uv": [ 7, 7.5, 9, 8.5 ], "texture": "#texture" },
        "west":  { "uv": [ 1, 7.5, 4.5, 8.5 ], "texture": "#texture" },
        "east":  { "uv": [ 11.5, 7.5, 15, 8.5 ], "texture": "#texture" }
    }
},
{
    "__comment": "Cz_75",
    "from": [ 7, 8.5, 1.5 ],
    "to": [ 8.5, 12.5, 5 ],
    "faces": {
        "down":  { "uv": [ 9, 5, 7.5, 1.5 ], "texture": "#texture" },
        "up":    { "uv": [ 7, 1.5, 8.5, 5 ], "texture": "#texture" },
        "north": { "uv": [ 7.5, 3.5, 9, 7.5 ], "texture": "#texture" },
        "south": { "uv": [ 7, 3.5, 8.5, 7.5 ], "texture": "#texture" },
        "west":  { "uv": [ 1.5, 3.5, 5, 7.5 ], "texture": "#texture" },
        "east":  { "uv": [ 11, 3.5, 14.5, 7.5 ], "texture": "#texture" }
    }
},
{
    "__comment": "Cz_75",
    "from": [ 7, 12.5, 2 ],
    "to": [ 9, 13, 5.5 ],
    "faces": {
        "down":  { "uv": [ 9, 5.5, 7, 2 ], "texture": "#texture" },
        "up":    { "uv": [ 7, 2, 9, 5.5 ], "texture": "#texture" },
        "north": { "uv": [ 7, 3, 9, 3.5 ], "texture": "#texture" },
        "south": { "uv": [ 7, 3, 9, 3.5 ], "texture": "#hardened_clay_stained_cyan" },
        "west":  { "uv": [ 2, 3, 5.5, 3.5 ], "texture": "#texture" },
        "east":  { "uv": [ 10.5, 3, 14, 3.5 ], "texture": "#texture" }
    }
},
{
    "__comment": "Cz_75",
    "from": [ 7, 6.5, 3.5 ],
    "to": [ 9, 7.5, 4 ],
    "faces": {
        "down":  { "uv": [ 9, 4, 7, 3.5 ], "texture": "#texture" },
        "south": { "uv": [ 7, 8.5, 9, 9.5 ], "texture": "#texture" },
        "west":  { "uv": [ 3.5, 8.5, 4, 9.5 ], "texture": "#texture" },
        "east":  { "uv": [ 12, 8.5, 12.5, 9.5 ], "texture": "#texture" }
    }
},
{
    "__comment": "Cz_75",
    "from": [ 7, 10, 5 ],
    "to": [ 9, 12.5, 5.5 ],
    "faces": {
        "down":  { "uv": [ 9, 5.5, 7, 5 ], "texture": "#texture" },
        "north": { "uv": [ 7, 3.5, 9, 6 ], "texture": "#texture" },
        "south": { "uv": [ 7, 3.5, 9, 6 ], "texture": "#texture" },
        "west":  { "uv": [ 5, 3.5, 5.5, 6 ], "texture": "#texture" },
        "east":  { "uv": [ 10.5, 3.5, 11, 6 ], "texture": "#texture" }
    }
},
{
    "__comment": "Cz_75",
    "from": [ 7, 10.5, 5.5 ],
    "to": [ 9, 12.5, 11 ],
    "faces": {
        "down":  { "uv": [ 9, 11, 7, 5.5 ], "texture": "#texture" },
        "up":    { "uv": [ 7, 5.5, 9, 11 ], "texture": "#hardened_clay_stained_cyan" },
        "south": { "uv": [ 7, 3.5, 9, 5.5 ], "texture": "#texture" },
        "west":  { "uv": [ 5.5, 3.5, 11, 5.5 ], "texture": "#texture" },
        "east":  { "uv": [ 5, 3.5, 10.5, 5.5 ], "texture": "#texture" }
    }
},
{
    "__comment": "Cz_75",
    "from": [ 7, 12.5, 7 ],
    "to": [ 9, 13, 13 ],
    "faces": {
        "down":  { "uv": [ 9, 13, 7, 7 ], "texture": "#texture" },
        "up":    { "uv": [ 7, 7, 9, 13 ], "texture": "#texture" },
        "north": { "uv": [ 7, 3, 9, 3.5 ], "texture": "#hardened_clay_stained_cyan" },
        "south": { "uv": [ 7, 3, 9, 3.5 ], "texture": "#texture" },
        "west":  { "uv": [ 7, 3, 13, 3.5 ], "texture": "#texture" },
        "east":  { "uv": [ 3, 3, 9, 3.5 ], "texture": "#texture" }
    }
},
{
    "__comment": "Cz_75",
    "from": [ 7, 10, 8 ],
    "to": [ 9, 10.5, 11.5 ],
    "faces": {
        "down":  { "uv": [ 9, 11.5, 7, 8 ], "texture": "#texture" },
        "up":    { "uv": [ 7, 8, 9, 11.5 ], "texture": "#texture" },
        "north": { "uv": [ 7, 5.5, 9, 6 ], "texture": "#texture" },
        "south": { "uv": [ 7, 5.5, 9, 6 ], "texture": "#texture" },
        "west":  { "uv": [ 8, 5.5, 11.5, 6 ], "texture": "#texture" },
        "east":  { "uv": [ 4.5, 5.5, 8, 6 ], "texture": "#texture" }
    }
},
{
    "__comment": "Cz_75",
    "from": [ 7.5, 3, 10 ],
    "to": [ 8.5, 5, 12.5 ],
    "faces": {
        "down":  { "uv": [ 8.5, 12.5, 7.5, 10 ], "texture": "#hardened_clay_stained_cyan" },
        "up":    { "uv": [ 7.5, 10, 8.5, 12.5 ], "texture": "#hardened_clay_stained_cyan" },
        "north": { "uv": [ 7.5, 11, 8.5, 13 ], "texture": "#hardened_clay_stained_cyan" },
        "south": { "uv": [ 7.5, 11, 8.5, 13 ], "texture": "#hardened_clay_stained_cyan" },
        "west":  { "uv": [ 10, 11, 12.5, 13 ], "texture": "#hardened_clay_stained_cyan" },
        "east":  { "uv": [ 3.5, 11, 6, 13 ], "texture": "#hardened_clay_stained_cyan" }
    }
},
{
    "__comment": "Cz_75",
    "from": [ 7, 11.5, 11 ],
    "to": [ 9, 12.5, 13 ],
    "faces": {
        "down":  { "uv": [ 9, 13, 7, 11 ], "texture": "#texture" },
        "south": { "uv": [ 7, 3.5, 9, 4.5 ], "texture": "#texture" },
        "west":  { "uv": [ 11, 3.5, 13, 4.5 ], "texture": "#texture" },
        "east":  { "uv": [ 3, 3.5, 5, 4.5 ], "texture": "#texture" }
    }
},
{
    "__comment": "Cz_75",
    "from": [ 7.5, 6, 0 ],
    "to": [ 8.5, 7, 0.5 ],
    "faces": {
        "up":    { "uv": [ 7.5, 0, 8.5, 0.5 ], "texture": "#texture" },
        "north": { "uv": [ 7.5, 9, 8.5, 10 ], "texture": "#texture", "cullface": "north" },
        "west":  { "uv": [ 0, 9, 0.5, 10 ], "texture": "#texture" },
        "east":  { "uv": [ 15.5, 9, 16, 10 ], "texture": "#texture" }
    }
},
{
    "__comment": "Cz_75",
    "from": [ 7.5, 7.5, 0.5 ],
    "to": [ 8.5, 8, 1 ],
    "faces": {
        "up":    { "uv": [ 7.5, 0.5, 8.5, 1 ], "texture": "#texture" },
        "north": { "uv": [ 7.5, 8, 8.5, 8.5 ], "texture": "#texture" },
        "west":  { "uv": [ 0.5, 8, 1, 8.5 ], "texture": "#texture" },
        "east":  { "uv": [ 15, 8, 15.5, 8.5 ], "texture": "#texture" }
    }
},
{
    "__comment": "Cz_75",
    "from": [ 7.5, 8.5, 1 ],
    "to": [ 8.5, 9, 1.5 ],
    "faces": {
        "up":    { "uv": [ 7.5, 1, 8.5, 1.5 ], "texture": "#texture" },
        "north": { "uv": [ 7.5, 7, 8.5, 7.5 ], "texture": "#texture" },
        "west":  { "uv": [ 1, 7, 1.5, 7.5 ], "texture": "#texture" },
        "east":  { "uv": [ 14.5, 7, 15, 7.5 ], "texture": "#texture" }
    }
},
{
    "__comment": "Cz_75",
    "from": [ 7.5, 9.5, 1 ],
    "to": [ 8.5, 10.5, 1.5 ],
    "faces": {
        "down":  { "uv": [ 8.5, 1.5, 7.5, 1 ], "texture": "#texture" },
        "up":    { "uv": [ 7.5, 1, 8.5, 1.5 ], "texture": "#texture" },
        "north": { "uv": [ 7.5, 5.5, 8.5, 6.5 ], "texture": "#texture" },
        "west":  { "uv": [ 1, 5.5, 1.5, 6.5 ], "texture": "#texture" },
        "east":  { "uv": [ 14.5, 5.5, 15, 6.5 ], "texture": "#texture" }
    }
},
{
    "__comment": "Cz_75",
    "from": [ 7.5, 11.5, 1 ],
    "to": [ 8.5, 12, 1.5 ],
    "faces": {
        "down":  { "uv": [ 8.5, 1.5, 7.5, 1 ], "texture": "#texture" },
        "up":    { "uv": [ 7.5, 1, 8.5, 1.5 ], "texture": "#texture" },
        "north": { "uv": [ 7.5, 4, 8.5, 4.5 ], "texture": "#texture" },
        "west":  { "uv": [ 1, 4, 1.5, 4.5 ], "texture": "#texture" },
        "east":  { "uv": [ 14.5, 4, 15, 4.5 ], "texture": "#texture" }
    }
},
{
    "__comment": "Cz_75",
    "from": [ 7.5, 5.5, 3.5 ],
    "to": [ 8.5, 6.5, 4 ],
    "faces": {
        "down":  { "uv": [ 8.5, 4, 7.5, 3.5 ], "texture": "#texture" },
        "north": { "uv": [ 7.5, 9.5, 8.5, 10.5 ], "texture": "#texture" },
        "south": { "uv": [ 7.5, 9.5, 8.5, 10.5 ], "texture": "#texture" },
        "west":  { "uv": [ 3.5, 9.5, 4, 10.5 ], "texture": "#texture" },
        "east":  { "uv": [ 12, 9.5, 12.5, 10.5 ], "texture": "#texture" }
    }
},
{
    "__comment": "Cz_75",
    "from": [ 7.5, 6.5, 4 ],
    "to": [ 8.5, 7.5, 4.5 ],
    "faces": {
        "down":  { "uv": [ 8.5, 4.5, 7.5, 4 ], "texture": "#texture" },
        "south": { "uv": [ 7.5, 8.5, 8.5, 9.5 ], "texture": "#texture" },
        "west":  { "uv": [ 4, 8.5, 4.5, 9.5 ], "texture": "#texture" },
        "east":  { "uv": [ 11.5, 8.5, 12, 9.5 ], "texture": "#texture" }
    }
},
{
    "__comment": "Cz_75",
    "from": [ 7.5, 7.5, 4.5 ],
    "to": [ 8.5, 8.5, 5 ],
    "faces": {
        "down":  { "uv": [ 8.5, 5, 7.5, 4.5 ], "texture": "#texture" },
        "south": { "uv": [ 7.5, 7.5, 8.5, 8.5 ], "texture": "#texture" },
        "west":  { "uv": [ 4.5, 7.5, 5, 8.5 ], "texture": "#texture" },
        "east":  { "uv": [ 11, 7.5, 11.5, 8.5 ], "texture": "#texture" }
    }
},
{
    "__comment": "Cz_75",
    "from": [ 7.5, 8, 5 ],
    "to": [ 8.5, 8.5, 7.5 ],
    "faces": {
        "down":  { "uv": [ 8.5, 7.5, 7.5, 5 ], "texture": "#texture" },
        "up":    { "uv": [ 7.5, 5, 8.5, 7.5 ], "texture": "#texture" },
        "south": { "uv": [ 7.5, 7.5, 8.5, 8 ], "texture": "#texture" },
        "west":  { "uv": [ 5, 7.5, 7.5, 8 ], "texture": "#texture" },
        "east":  { "uv": [ 8.5, 7.5, 11, 8 ], "texture": "#texture" }
    }
},
{
    "__comment": "Cz_75",
    "from": [ 7.5, 8.5, 5 ],
    "to": [ 8.5, 10, 5.5 ],
    "faces": {
        "south": { "uv": [ 7.5, 6, 8.5, 7.5 ], "texture": "#texture" },
        "west":  { "uv": [ 5, 6, 5.5, 7.5 ], "texture": "#texture" },
        "east":  { "uv": [ 10.5, 6, 11, 7.5 ], "texture": "#texture" }
    }
},
{
    "__comment": "Cz_75",
    "from": [ 7.5, 10, 5.5 ],
    "to": [ 8.5, 10.5, 6 ],
    "faces": {
        "down":  { "uv": [ 8.5, 6, 7.5, 5.5 ], "texture": "#texture" },
        "north": { "uv": [ 7.5, 5.5, 8.5, 6 ], "texture": "#texture" },
        "south": { "uv": [ 7.5, 5.5, 8.5, 6 ], "texture": "#texture" },
        "west":  { "uv": [ 5.5, 5.5, 6, 6 ], "texture": "#texture" },
        "east":  { "uv": [ 10, 5.5, 10.5, 6 ], "texture": "#texture" }
    }
},
{
    "__comment": "Cz_75",
    "from": [ 7.25, 12.5, 5.5 ],
    "to": [ 8.75, 13, 7 ],
    "faces": {
        "up":    { "uv": [ 7.25, 5.5, 8.75, 7 ], "texture": "#texture" },
        "west":  { "uv": [ 5.5, 3, 7, 3.5 ], "texture": "#hardened_clay_stained_cyan" },
        "east":  { "uv": [ 9, 3, 10.5, 3.5 ], "texture": "#hardened_clay_stained_cyan" }
    }
},
{
    "__comment": "Cz_75",
    "from": [ 7.5, 9, 6 ],
    "to": [ 8.5, 9.5, 6.5 ],
    "faces": {
        "down":  { "uv": [ 8.5, 6.5, 7.5, 6 ], "texture": "#hardened_clay_stained_cyan" },
        "north": { "uv": [ 7.5, 6.5, 8.5, 7 ], "texture": "#hardened_clay_stained_cyan" },
        "south": { "uv": [ 7.5, 6.5, 8.5, 7 ], "texture": "#hardened_clay_stained_cyan" },
        "west":  { "uv": [ 6, 6.5, 6.5, 7 ], "texture": "#hardened_clay_stained_cyan" },
        "east":  { "uv": [ 9.5, 6.5, 10, 7 ], "texture": "#hardened_clay_stained_cyan" }
    }
},
{
    "__comment": "Cz_75",
    "from": [ 7.5, 8.5, 6.5 ],
    "to": [ 8.5, 9, 8.5 ],
    "faces": {
        "down":  { "uv": [ 8.5, 8.5, 7.5, 6.5 ], "texture": "#texture" },
        "up":    { "uv": [ 7.5, 6.5, 8.5, 8.5 ], "texture": "#texture" },
        "north": { "uv": [ 7.5, 7, 8.5, 7.5 ], "texture": "#texture" },
        "west":  { "uv": [ 6.5, 7, 8.5, 7.5 ], "texture": "#texture" },
        "east":  { "uv": [ 7.5, 7, 9.5, 7.5 ], "texture": "#texture" }
    }
},
{
    "__comment": "Cz_75",
    "from": [ 7.5, 10, 7 ],
    "to": [ 8.5, 10.5, 8 ],
    "faces": {
        "down":  { "uv": [ 8.5, 8, 7.5, 7 ], "texture": "#texture" },
        "west":  { "uv": [ 7, 5.5, 8, 6 ], "texture": "#texture" },
        "east":  { "uv": [ 8, 5.5, 9, 6 ], "texture": "#texture" }
    }
},
{
    "__comment": "Cz_75",
    "from": [ 7.5, 9, 7.5 ],
    "to": [ 8.5, 10, 8.5 ],
    "faces": {
        "up":    { "uv": [ 7.5, 7.5, 8.5, 8.5 ], "texture": "#texture" },
        "north": { "uv": [ 7.5, 6, 8.5, 7 ], "texture": "#texture" },
        "west":  { "uv": [ 7.5, 6, 8.5, 7 ], "texture": "#texture" },
        "east":  { "uv": [ 7.5, 6, 8.5, 7 ], "texture": "#texture" }
    }
},
{
    "__comment": "Cz_75",
    "from": [ 7.5, 8, 8.5 ],
    "to": [ 8.5, 8.5, 11.5 ],
    "faces": {
        "down":  { "uv": [ 8.5, 11.5, 7.5, 8.5 ], "texture": "#hardened_clay_stained_cyan" },
        "up":    { "uv": [ 7.5, 8.5, 8.5, 11.5 ], "texture": "#hardened_clay_stained_cyan" },
        "north": { "uv": [ 7.5, 7.5, 8.5, 8 ], "texture": "#hardened_clay_stained_cyan" },
        "south": { "uv": [ 7.5, 7.5, 8.5, 8 ], "texture": "#hardened_clay_stained_cyan" },
        "west":  { "uv": [ 8.5, 7.5, 11.5, 8 ], "texture": "#hardened_clay_stained_cyan" },
        "east":  { "uv": [ 4.5, 7.5, 7.5, 8 ], "texture": "#hardened_clay_stained_cyan" }
    }
},
{
    "__comment": "Cz_75",
    "from": [ 7.5, 6, 9 ],
    "to": [ 8.5, 6.5, 12 ],
    "faces": {
        "down":  { "uv": [ 8.5, 12, 7.5, 9 ], "texture": "#hardened_clay_stained_cyan" },
        "up":    { "uv": [ 7.5, 9, 8.5, 12 ], "texture": "#hardened_clay_stained_cyan" },
        "north": { "uv": [ 7.5, 9.5, 8.5, 10 ], "texture": "#hardened_clay_stained_cyan" },
        "south": { "uv": [ 7.5, 9.5, 8.5, 10 ], "texture": "#hardened_clay_stained_cyan" },
        "west":  { "uv": [ 9, 9.5, 12, 10 ], "texture": "#hardened_clay_stained_cyan" },
        "east":  { "uv": [ 4, 9.5, 7, 10 ], "texture": "#hardened_clay_stained_cyan" }
    }
},
{
    "__comment": "Cz_75",
    "from": [ 7.5, 6.5, 9 ],
    "to": [ 8.5, 8, 11.5 ],
    "faces": {
        "north": { "uv": [ 7.5, 8, 8.5, 9.5 ], "texture": "#hardened_clay_stained_cyan" },
        "south": { "uv": [ 7.5, 8, 8.5, 9.5 ], "texture": "#hardened_clay_stained_cyan" },
        "west":  { "uv": [ 9, 8, 11.5, 9.5 ], "texture": "#hardened_clay_stained_cyan" },
        "east":  { "uv": [ 4.5, 8, 7, 9.5 ], "texture": "#hardened_clay_stained_cyan" }
    }
},
{
    "__comment": "Cz_75",
    "from": [ 7.5, 4.5, 9.5 ],
    "to": [ 8.5, 6, 10 ],
    "faces": {
        "down":  { "uv": [ 8.5, 10, 7.5, 9.5 ], "texture": "#hardened_clay_stained_cyan" },
        "north": { "uv": [ 7.5, 10, 8.5, 11.5 ], "texture": "#hardened_clay_stained_cyan" },
        "south": { "uv": [ 7.5, 10, 8.5, 11.5 ], "texture": "#hardened_clay_stained_cyan" },
        "west":  { "uv": [ 9.5, 10, 10, 11.5 ], "texture": "#hardened_clay_stained_cyan" },
        "east":  { "uv": [ 6, 10, 6.5, 11.5 ], "texture": "#hardened_clay_stained_cyan" }
    }
},
{
    "__comment": "Cz_75",
    "from": [ 7.5, 5, 10 ],
    "to": [ 8.5, 6, 12 ],
    "faces": {
        "down":  { "uv": [ 8.5, 12, 7.5, 10 ], "texture": "#hardened_clay_stained_cyan" },
        "south": { "uv": [ 7.5, 10, 8.5, 11 ], "texture": "#hardened_clay_stained_cyan" },
        "west":  { "uv": [ 10, 10, 12, 11 ], "texture": "#hardened_clay_stained_cyan" },
        "east":  { "uv": [ 4, 10, 6, 11 ], "texture": "#hardened_clay_stained_cyan" }
    }
},
{
    "__comment": "Cz_75",
    "from": [ 7.5, 10.5, 11 ],
    "to": [ 8.5, 11.5, 13 ],
    "faces": {
        "down":  { "uv": [ 8.5, 13, 7.5, 11 ], "texture": "#texture" },
        "south": { "uv": [ 7.5, 4.5, 8.5, 5.5 ], "texture": "#texture" },
        "west":  { "uv": [ 11, 4.5, 13, 5.5 ], "texture": "#texture" },
        "east":  { "uv": [ 3, 4.5, 5, 5.5 ], "texture": "#texture" }
    }
},
{
    "__comment": "Cz_75",
    "from": [ 7.5, 11.5, 13 ],
    "to": [ 8.5, 12.5, 16 ],
    "faces": {
        "down":  { "uv": [ 8.5, 16, 7.5, 13 ], "texture": "#door_iron_lower" },
        "up":    { "uv": [ 7.5, 13, 8.5, 16 ], "texture": "#door_iron_lower" },
        "south": { "uv": [ 7.5, 3.5, 8.5, 4.5 ], "texture": "#door_iron_lower", "cullface": "south" },
        "west":  { "uv": [ 13, 3.5, 16, 4.5 ], "texture": "#door_iron_lower" },
        "east":  { "uv": [ 0, 3.5, 3, 4.5 ], "texture": "#door_iron_lower" }
    }
},
{
    "__comment": "Cz_75",
    "from": [ 8.5, 8.5, 1.5 ],
    "to": [ 9, 12.5, 4.5 ],
    "faces": {
        "up":    { "uv": [ 8.5, 1.5, 9, 4.5 ], "texture": "#texture" },
        "north": { "uv": [ 7, 3.5, 7.5, 7.5 ], "texture": "#texture" },
        "south": { "uv": [ 8.5, 3.5, 9, 7.5 ], "texture": "#texture" },
        "east":  { "uv": [ 11.5, 3.5, 14.5, 7.5 ], "texture": "#texture" }
    }
},
{
    "__comment": "Cz_75",
    "from": [ 8.5, 9, 4.5 ],
    "to": [ 9, 12.5, 5 ],
    "faces": {
        "down":  { "uv": [ 7.5, 5, 7, 4.5 ], "texture": "#texture" },
        "south": { "uv": [ 8.5, 3.5, 9, 7 ], "texture": "#texture" },
        "east":  { "uv": [ 11, 3.5, 11.5, 7 ], "texture": "#texture" }
    }
},
{
    "__comment": "Cz_75*",
    "from": [ 7.5, 9, 8.5 ],
    "to": [ 8.5, 10, 11 ],
    "faces": {
        "south": { "uv": [ 7.5, 6, 8.5, 7 ], "texture": "#hardened_clay_stained_cyan" },
        "west":  { "uv": [ 8.5, 6, 11, 7 ], "texture": "#hardened_clay_stained_cyan" },
        "east":  { "uv": [ 5, 6, 7.5, 7 ], "texture": "#hardened_clay_stained_cyan" }
    }
},
{
    "__comment": "Cz_75*",
    "from": [ 7.5, 8.5, 8.5 ],
    "to": [ 8.5, 9, 11 ],
    "faces": {
        "south": { "uv": [ 7.5, 7, 8.5, 7.5 ], "texture": "#hardened_clay_stained_cyan" },
        "west":  { "uv": [ 8.5, 7, 11, 7.5 ], "texture": "#hardened_clay_stained_cyan" },
        "east":  { "uv": [ 5, 7, 7.5, 7.5 ], "texture": "#hardened_clay_stained_cyan" }
    }
},
{
    "__comment": "Cz_75*",
    "from": [ 7.5, 9.5, 6 ],
    "to": [ 8.5, 10.5, 7 ],
    "faces": {
        "down":  { "uv": [ 8.5, 7, 7.5, 6 ], "texture": "#hardened_clay_stained_cyan" },
        "north": { "uv": [ 7.5, 5.5, 8.5, 6.5 ], "texture": "#hardened_clay_stained_cyan" },
        "south": { "uv": [ 7.5, 5.5, 8.5, 6.5 ], "texture": "#hardened_clay_stained_cyan" },
        "west":  { "uv": [ 6, 5.5, 7, 6.5 ], "texture": "#hardened_clay_stained_cyan" },
        "east":  { "uv": [ 9, 5.5, 10, 6.5 ], "texture": "#hardened_clay_stained_cyan" }
    }
}
],
"display": {
    "thirdperson_righthand": {
        "rotation": [ 0, 180, 0 ],
        "translation": [ -0.76, -1.51, -0.38 ],
        "scale": [ 0.75, 0.75, 0.75 ]
    },
    "thirdperson_lefthand": {
        "rotation": [ 0, 180, 0 ],
        "translation": [ -0.76, -1.51, -0.38 ],
        "scale": [ 0.75, 0.75, 0.75 ]
    },
    "ground": {
        "rotation": [ 0, 0, 0 ],
        "translation": [ 0, 1.51, 0 ],
        "scale": [ 0.75, 0.75, 0.75 ]
    },
    "fixed": {
        "rotation": [ 0, -90, 0 ],
        "translation": [ 0, 0, 0 ],
        "scale": [ 1, 1, 1 ]
    },
    "firstperson_righthand": {
        "rotation": [ 7, 180, 0 ],
        "translation": [ 0.94, -0.19, 0 ],
        "scale": [ 0.75, 0.75, 0.75 ]
    },
    "firstperson_lefthand": {
        "rotation": [ 7, 180, 0 ],
        "translation": [ 0.94, -0.19, 0 ],
        "scale": [ 0.75, 0.75, 0.75 ]
    },
    "gui": {
        "rotation": [ 0, 90, 0 ],
        "translation": [ 0, 0, 0 ],
        "scale": [ 1, 1, 1 ]
    }
}
}